module,msgid,msgstr,occurrences
intn_account_bank_transfer,"<i class=""fa fa-check-circle""/>
                    Your receipt was uploaded successfully. Treasury will
                    review it shortly.",,1
intn_account_bank_transfer,"<i class=""fa fa-download""/> Download",,1
intn_account_bank_transfer,"<i class=""fa fa-exclamation-triangle""/>
                    No file was attached. Please select a receipt
                    (PDF or image) before submitting.",,1
intn_account_bank_transfer,"<i class=""fa fa-university""/>
                        <strong>Manual bank transfer</strong>",,1
intn_account_bank_transfer,Bank Transfer: No transaction found matching reference %s.,,1
intn_account_bank_transfer,Bank transfer payments must be registered through a payment receipt linked to the invoice so Treasury approval can be verified.,,1
intn_account_bank_transfer,Cannot reject a receipt for an invoice that has already been paid. Reverse the payment first.,,1
intn_account_bank_transfer,Only receipts pending review can be approved or rejected.,,1
intn_account_bank_transfer,Payment Transaction,,1
intn_account_bank_transfer,Your payment has been authorized.,,1
intn_account_bank_transfer,Your payment has been cancelled.,,1
intn_account_bank_transfer,Your payment has been successfully processed but is waiting for approval.,,1
intn_account_bank_transfer,Your payment has been successfully processed.,,1
intn_account_bank_transfer,"<i class=""fa fa-download""/>
                                    View attached receipt",,0
intn_account_bank_transfer,"<i class=""fa fa-university""/>
                            <strong>Manual bank transfer</strong>",,0
intn_account_bank_transfer,<strong>Manual bank transfer</strong>,,0
intn_account_bank_transfer,"Make a transfer and attach the receipt
                                    for verification.",,0
intn_account_bank_transfer,"Receipt submitted. Treasury will review it
                                    shortly.",,0
intn_account_bank_transfer,Register Payment,,0
intn_account_bank_transfer,Se autorizó su pago.,,0
intn_account_bank_transfer,Se canceló su pago.,,0
intn_account_bank_transfer,Select,,0
intn_account_bank_transfer,Su pago se procesó con éxito pero está en espera de aprobación.,,0
intn_account_bank_transfer,Tu pago se procesó con éxito.,,0
intn_account_bank_transfer,Download,,0
intn_account_bank_transfer,"No file was attached. Please select a receipt
                    (PDF or image) before submitting.",,0
intn_account_bank_transfer,"Your receipt was uploaded successfully. Treasury will
                    review it shortly.",,0
intn_account_cashier,Authorized Users,,1
intn_account_cashier,Cash Control,,1
intn_account_cashier,Cashier box,,1
intn_account_cashier,Cashier session,,1
intn_account_cashier,Customer Invoices,,1
intn_account_cashier,ID,,2
intn_account_cashier,"If empty, any accounting user with cashier access may open a session on this box. If set, only listed users (plus system administrators) may open a session.",,1
intn_account_cashier,In progress,,1
intn_account_cashier,Invoices,,1
intn_account_cashier,Only a session in opening state can be started.,,1
intn_account_cashier,Only the assigned cashier can start this session.,,1
intn_account_cashier,Open session,,1
intn_account_cashier,Start session,,1
intn_account_cashier,The session is assigned to another user,,1
intn_account_cashier,There is already an open session for this box,,1
intn_account_cashier,There is already an open session for this user,,1
intn_account_cashier,Unknown cashier box.,,1
intn_account_cashier,"You are not authorized to open a session on cashier box ""%s"".",,1
intn_account_cashier,You cannot close the session while cash invoices remain unpaid.,,1
intn_account_cashier,Demo Cashier Journal,,1
intn_account_pagopar,"<span class=""badge rounded-pill text-bg-danger ms-1"">
                    <i class=""fa fa-fw fa-remove""/>
                    <span class=""d-none d-md-inline""> Rechazado</span>
                </span>",,1
intn_account_pagopar,"<span class=""badge rounded-pill text-bg-success ms-1"">
                    <i class=""fa fa-fw fa-check""/>
                    <span class=""d-none d-md-inline""> Aprobado</span>
                </span>",,1
intn_account_pagopar,"<span class=""badge rounded-pill text-bg-warning ms-1"">
                    <i class=""fa fa-fw fa-clock-o""/>
                    <span class=""d-none d-md-inline""> A verificar</span>
                </span>",,1
intn_account_pagopar,"<span class=""badge text-bg-info ms-2 align-middle"" invisible=""not intn_paid_with_aqui_pago"">Paid with Aquipago</span>",,1
intn_account_pagopar,<strong>Comprobante de transferencia</strong>,,1
intn_account_pagopar,A verificar,,1
intn_account_pagopar,Adjunte su comprobante,,1
intn_account_pagopar,Aprobado,,1
intn_account_pagopar,Credit Cards - PagoPar,,1
intn_account_pagopar,Enviar comprobante,,1
intn_account_pagopar,Error,,1
intn_account_pagopar,ID,,1
intn_account_pagopar,Invalid PagoPar notification token,,1
intn_account_pagopar,No PagoPar transaction found for order %s,,1
intn_account_pagopar,PagoPar payment for invoice %s,,1
intn_account_pagopar,PagoPar transaction failed,,1
intn_account_pagopar,Paid with Aquipago,,2
intn_account_pagopar,Pending,,1
intn_account_pagopar,Rechazado,,1
intn_account_pagopar,Transfer payments require an approved transfer receipt.,,1
intn_account_pagopar,Transfer receipt approved.,,1
intn_account_pagopar,Transfer receipt rejected.,,1
intn_account_pagopar,Your payment has been authorized.,,1
intn_account_pagopar,Your payment has been cancelled.,,1
intn_account_pagopar,Your payment has been successfully processed but is waiting for approval.,,1
intn_account_pagopar,Your payment has been successfully processed.,,1
intn_account_pagopar,Se autorizó su pago.,,0
intn_account_pagopar,Se canceló su pago.,,0
intn_account_pagopar,Su pago se procesó con éxito pero está en espera de aprobación.,,0
intn_account_pagopar,Tu pago se procesó con éxito.,,0
intn_account_payment_group,'Credit Note - %s' % (object.name),,1
intn_account_payment_group,<strong>Customer:</strong>,,1
intn_account_payment_group,<strong>Date:</strong>,,1
intn_account_payment_group,<strong>Number:</strong>,,1
intn_account_payment_group,<strong>Original Invoice:</strong>,,1
intn_account_payment_group,<strong>Total:</strong>,,1
intn_account_payment_group,April,,1
intn_account_payment_group,Aqui Pago,,1
intn_account_payment_group,August,,1
intn_account_payment_group,Cash and credit invoices cannot be mixed in the same receipt,,1
intn_account_payment_group,Check already exists: %(bank)s %(check)s,,1
intn_account_payment_group,Credit Note,,1
intn_account_payment_group,Credit Note Detail,,1
intn_account_payment_group,Credit Note Lines,,1
intn_account_payment_group,December,,1
intn_account_payment_group,Description,,1
intn_account_payment_group,Duplicated transfer,,1
intn_account_payment_group,February,,1
intn_account_payment_group,ID,,1
intn_account_payment_group,January,,1
intn_account_payment_group,July,,1
intn_account_payment_group,June,,1
intn_account_payment_group,March,,1
intn_account_payment_group,May,,1
intn_account_payment_group,Memo,,1
intn_account_payment_group,November,,1
intn_account_payment_group,October,,1
intn_account_payment_group,Original Invoice Lines,,1
intn_account_payment_group,Payment receipt %(receipt)s confirmed. Service processing may begin.,,1
intn_account_payment_group,Payment type is not defined. Contact your administrator,,1
intn_account_payment_group,Qty,,1
intn_account_payment_group,Receipts,,2
intn_account_payment_group,Sale Orders,,2
intn_account_payment_group,September,,1
intn_account_payment_group,Subtotal,,1
intn_account_payment_group,Transfer %(document)s already exists in payment %(payment)s.,,1
intn_account_payment_group,Unit Price,,1
intn_account_payment_group,You do not have permission to cancel receipts,,1
intn_account_payment_group,You do not have permission to register payment orders,,1
intn_account_payment_group,You do not have permission to register receipts,,1
intn_api_invoices,INTN,,1
intn_api_invoices,Invoice not found,,1
intn_api_invoices,No bank/cash journal found to register the payment.,,1
intn_bank_transfer_fleet_bridge,Journal Entry,,1
intn_bank_transfer_fleet_bridge,INTN Bank Transfer Fleet Service Request Bridge,,0
intn_bank_transfer_fleet_bridge,Auto-confirm fleet service requests when their related invoice is paid through the bank transfer flow,,0
intn_brand_service_requests,'Certificado de Conformidad de Lotes de Productos ONC N° %s' % (object.name),,1
intn_brand_service_requests,'Licencia ONC N° %s' % (object.name),,1
intn_brand_service_requests,'ONN_NORMS_%s' % (object.name),,1
intn_brand_service_requests,'ONN_NORMS_PREVIEW_%s' % (object.name),,1
intn_brand_service_requests,", Reglamento
                                                Especifico",,1
intn_brand_service_requests,", a partir de la fecha de expedición.
                                                <br/>
                                                <br/>",,1
intn_brand_service_requests,- Remitir 2 (dos) originales del Informe/Certificado a nombre del ONC.,,1
intn_brand_service_requests,"- Remitir al correo labdala@intn.gov.py la fecha estimada de entrega del Informe/Certificado, en un plazo de 5 (cinco)
                                                            días hábiles a partir de la recepción de la presente.",,1
intn_brand_service_requests,1.2Auditoría Etapa I,,1
intn_brand_service_requests,1ra. Cuota - Conjuntamente con la Facturación de la 3ra. cuota del Contrato ONC N° 500-2BP-041,,1
intn_brand_service_requests,1ra. Cuota - Conjuntamente con la Facturación de la 4ta. cuota del Contrato ONC N° 500-2BP-006,,1
intn_brand_service_requests,2da Cuota - Conjuntamente con la Facturación de la 5ta. cuota del Contrato ONC N° 500-2BP-005   3,,1
intn_brand_service_requests,2da. Cuota - Conjuntamente con la Facturación de la 4ta. cuota del Contrato ONC N° 500-2BP-041,,1
intn_brand_service_requests,2da. Cuota - Conjuntamente con la Facturación de la 5ta. cuota del Contrato ONC N° 500-2BP-006,,1
intn_brand_service_requests,3ra. Cuota - Conjuntamente con la Facturación de la 5ta. cuota del Contrato ONC N° 500-2BP-041,,1
intn_brand_service_requests,3ra. Cuota - Conjuntamente con la Facturación de la 6ta. cuota del Contrato ONC N° 500-2BP-006,,1
intn_brand_service_requests,4ta. Cuota - Conjuntamente con la Facturación de la 6ta. cuota del Contrato ONC N° 500-2BP-041,,1
intn_brand_service_requests,"<b>Asunción, </b>",,1
intn_brand_service_requests,"<br/>
                                                                <br/>
                                                                LIC. ERIKA ETCHEVERRY<br/>
                                                                DIRECTORA - ONC INTN",,1
intn_brand_service_requests,"<br/>
                                                            <br/>
                                                            <br/>
                                                            <br/>
                                                            FUNCIONARIO ONI - INTN<br/>
                                                            DIRECTORA - ONC INTN",,1
intn_brand_service_requests,"<br/>
                                                            <br/>
                                                            <br/>
                                                            <br/>
                                                            SOLICITANTE O REPRESENTANTE<br/>
                                                            TESTIGO DEL MUESTREO",,1
intn_brand_service_requests,"<br/>
                                                            <br/>
                                                            <br/>
                                                            Dirección ONC INTN",,2
intn_brand_service_requests,"<br/>
                                                            <span class=""bold"">Tembipota:</span>
                                                            Oipytyvõ tekoaty, mba’eapopyha, ñemureko ha
                                                            opaite mba’e’aporãme, taha’e jehapereka, kuave’ẽmby ñepytyvõmby,
                                                            mbojojaha, mba’era’ãha, tendyry ñangareko rupive, avei kuatia mboaje
                                                            ha jesareko
                                                            iporãve hag̃ua mba’eapopy, kuave’ẽmby, tapichakuéra jeikoporã ha
                                                            tekomo’ã, tembiapo omomba’eguasúva tekoaty ha tekoha reheve.
                                                            <span class=""bold"">Misión:</span>Contribuir con la sociedad, la
                                                            industria, el comercio, el sector productivo, mediante la
                                                            investigación, servicios de asistencia técnica,
                                                            normalización, metrología, seguridad eléctrica, certificación e
                                                            inspección, para el mejoramiento de la calidad de los productos, los
                                                            servicios, el
                                                            bienestar y seguridad de las personas, con un enfoque de
                                                            responsabilidad social y ambiental.
                                                            <br/>
                                                            <span class=""bold"">Tembihecha:</span>Temimoĩmby hembiapopyahukuaáva
                                                            ha ojepytaso añetéva, ojehechakuáva tetãpýre ha tetã ambue rupi
                                                            omog̃uahẽ porã rehe kuave’ẽmbyeta
                                                            puruharakuérape, imba’apoharakuéra ikatupyry ha imba’erechakuaágui,
                                                            ha upéichante avei oipytyvõhaguére tekoatýpe.
                                                            <span class=""bold"">Visión:</span>Ser una institución innovadora y
                                                            competitiva, reconocida nacional e internacionalmente por la calidad
                                                            de sus servicios, la excelencia profesional
                                                            y humana de su gente, y su contribución
                                                            a la sociedad.",,1
intn_brand_service_requests,"<br/>
                                                        <br/>
                                                        <br/>
                                                        <br/>
                                                        <br/>
                                                        <br/>
                                                        Dirección ONC",,1
intn_brand_service_requests,"<br/>
                                                        <br/>
                                                        <br/>
                                                        <br/>
                                                        <br/>
                                                        <br/>
                                                        Responsable de Certificación ONC",,1
intn_brand_service_requests,"<br/>
                                                        <span class=""bold"">Tembipota:</span>
                                                        Oipytyvõ tekoaty, mba’eapopyha, ñemureko ha
                                                        opaite mba’e’aporãme, taha’e jehapereka, kuave’ẽmby ñepytyvõmby,
                                                        mbojojaha, mba’era’ãha, tendyry ñangareko rupive, avei kuatia mboaje
                                                        ha jesareko
                                                        iporãve hag̃ua mba’eapopy, kuave’ẽmby, tapichakuéra jeikoporã ha
                                                        tekomo’ã, tembiapo omomba’eguasúva tekoaty ha tekoha reheve.
                                                        <span class=""bold"">Misión:</span>Contribuir con la sociedad, la
                                                        industria, el comercio, el sector productivo, mediante la
                                                        investigación, servicios de asistencia técnica,
                                                        normalización, metrología, seguridad eléctrica, certificación e
                                                        inspección, para el mejoramiento de la calidad de los productos, los
                                                        servicios, el
                                                        bienestar y seguridad de las personas, con un enfoque de
                                                        responsabilidad social y ambiental.
                                                        <br/>
                                                        <span class=""bold"">Tembihecha:</span>Temimoĩmby hembiapopyahukuaáva
                                                        ha ojepytaso añetéva, ojehechakuáva tetãpýre ha tetã ambue rupi
                                                        omog̃uahẽ porã rehe kuave’ẽmbyeta
                                                        puruharakuérape, imba’apoharakuéra ikatupyry ha imba’erechakuaágui,
                                                        ha upéichante avei oipytyvõhaguére tekoatýpe.
                                                        <span class=""bold"">Visión:</span>Ser una institución innovadora y
                                                        competitiva, reconocida nacional e internacionalmente por la calidad
                                                        de sus servicios, la excelencia profesional
                                                        y humana de su gente, y su contribución
                                                        a la sociedad.",,1
intn_brand_service_requests,"<br/>
                                                        FECHA",,1
intn_brand_service_requests,"<br/>
                                                        LIC. ERIKA GLORIA ETCHEVERRY<br/>DIRECTORA ONC-INTN
                                                        <br/>",,1
intn_brand_service_requests,"<br/>
                                                <span class=""bold"">
                                                    PERIODO DE VALIDEZ DE ÉSTE CERTIFICADO:
                                                </span>",,1
intn_brand_service_requests,"<br/>
                                            Concede a:
                                            <br/>",,1
intn_brand_service_requests,"<br/>
                                            Licencia para el uso de la <span class=""bold"">MARCA INTN - SERVICIOS</span> para su servicio de :",,1
intn_brand_service_requests,"<span class=""bold"" style=""font-size:18px"">
                                                        EL ORGANISMO NACIONAL DE CERTIFICACIÓN <br/>
                                                        DEL INSTITUTO NACIONAL DE TECNOLOGÍA, NORMALIZACIÓN Y METROLOGÍA
                                                    </span>",,1
intn_brand_service_requests,"<span class=""bold"">
                                                                    RUC:
                                                                </span>",,1
intn_brand_service_requests,"<span class=""bold"">
                                                                DMU N°:
                                                            </span>",,1
intn_brand_service_requests,"<span class=""bold"">
                                                                Dirección:
                                                            </span>",,1
intn_brand_service_requests,"<span class=""bold"">
                                                                Dpto Ejecutor:
                                                            </span>",,1
intn_brand_service_requests,"<span class=""bold"">
                                                                Entrada N°:
                                                            </span>",,1
intn_brand_service_requests,"<span class=""bold"">
                                                                Fecha de ejecución del muestreo

                                                            </span>",,1
intn_brand_service_requests,"<span class=""bold"">
                                                                Fecha de recepción:
                                                            </span>",,1
intn_brand_service_requests,"<span class=""bold"">
                                                                Solicitante:
                                                            </span>",,1
intn_brand_service_requests,"<span class=""bold"">
                                                            El ORGANISMO NACIONAL DE CERTIFICACIÓN DEL INTN,
                                                        </span>
                                                        solicita tenga a bien realizar los ensayos detallados más abajo, conforme a los siguientes datos:",,1
intn_brand_service_requests,"<span class=""bold"">
                                                            Expediente INTN N°:
                                                        </span>",,1
intn_brand_service_requests,"<span class=""bold"">
                                                            Fecha de Solicitud:
                                                        </span>",,1
intn_brand_service_requests,"<span class=""bold"">
                                                            Lugar de Muestreo:
                                                        </span>",,1
intn_brand_service_requests,"<span class=""bold"">
                                                            Lugar y Fecha:
                                                        </span>",,1
intn_brand_service_requests,"<span class=""bold"">
                                                            Norma o Método Aplicado:
                                                        </span>",,1
intn_brand_service_requests,"<span class=""bold"">
                                                            Producto:
                                                        </span>",,2
intn_brand_service_requests,"<span class=""bold"">
                                                            Señor(es):
                                                        </span>",,1
intn_brand_service_requests,"<span class=""bold"">
                                                            Solicitante:
                                                        </span>",,1
intn_brand_service_requests,"<span class=""bold"">
                                                        Dirección:
                                                    </span>",,1
intn_brand_service_requests,"<span class=""bold"">
                                                        Fecha de Solicitud:
                                                    </span>",,1
intn_brand_service_requests,"<span class=""bold"">
                                                        Lote:
                                                    </span>",,1
intn_brand_service_requests,"<span class=""bold"">
                                                        Nombre y Apellido / Razón Social:
                                                    </span>",,1
intn_brand_service_requests,"<span class=""bold"">
                                                    Detalle del lote
                                                </span>
                                                <span>
                                                    (Cantidad, presentación, fecha elaboración y vencimiento, identificación y otros)
                                                </span>",,1
intn_brand_service_requests,"<span class=""bold"">
                                                    Muestra
                                                </span>",,1
intn_brand_service_requests,"<span class=""bold"">
                                                    Notas:
                                                </span>",,1
intn_brand_service_requests,"<span class=""bold"">
                                                    Observación
                                                </span>",,1
intn_brand_service_requests,"<span>Código: FOR-ONI-76, Versión: 01</span>",,1
intn_brand_service_requests,<strong>Category:</strong>,,2
intn_brand_service_requests,<strong>Estado:</strong>,,4
intn_brand_service_requests,<strong>Fecha:</strong>,,1
intn_brand_service_requests,<strong>Número:</strong>,,3
intn_brand_service_requests,<strong>Producto:</strong>,,2
intn_brand_service_requests,<strong>Sale order:</strong>,,3
intn_brand_service_requests,<strong>Service type:</strong>,,2
intn_brand_service_requests,<strong>Solicitante:</strong>,,3
intn_brand_service_requests,<strong>Titular:</strong>,,1
intn_brand_service_requests,<strong>Type:</strong>,,1
intn_brand_service_requests,<strong>Vigencia:</strong>,,1
intn_brand_service_requests,A label delivery operation type must be configured.,,1
intn_brand_service_requests,A printer user is required.,,1
intn_brand_service_requests,Access warning,,6
intn_brand_service_requests,Acta INTN N°:,,1
intn_brand_service_requests,Acta de Extracción de Muestras:,,1
intn_brand_service_requests,Acta de extracción de muestras,,2
intn_brand_service_requests,Action Needed,,16
intn_brand_service_requests,Active,,13
intn_brand_service_requests,Activities,,16
intn_brand_service_requests,Activity Exception Decoration,,16
intn_brand_service_requests,Activity State,,16
intn_brand_service_requests,Activity Type Icon,,16
intn_brand_service_requests,Actualizar,,1
intn_brand_service_requests,Actualizar Cantidades,,1
intn_brand_service_requests,Additional Cost Amount,,2
intn_brand_service_requests,Address,,1
intn_brand_service_requests,Agents 1,,1
intn_brand_service_requests,Agents 2,,1
intn_brand_service_requests,Applicant,,8
intn_brand_service_requests,Applicant City,,2
intn_brand_service_requests,Applicant Country,,1
intn_brand_service_requests,Applicant State,,1
intn_brand_service_requests,Applicant Tax ID,,5
intn_brand_service_requests,Applies Additional Cost,,2
intn_brand_service_requests,Approx Qty Used,,1
intn_brand_service_requests,Archivo Excel,,1
intn_brand_service_requests,Asignar,,1
intn_brand_service_requests,Assigned,,2
intn_brand_service_requests,"Asunción,",,2
intn_brand_service_requests,Attachment Count,,16
intn_brand_service_requests,Auditoría,,1
intn_brand_service_requests,Auditoría de Vigilancia antes de finalizar el 2do año,,1
intn_brand_service_requests,Autorizar Reimpresión,,1
intn_brand_service_requests,Available Labels,,1
intn_brand_service_requests,Available Qty,,1
intn_brand_service_requests,"Avda. Artigas 3973 y Gral. Roa / C.C. | Teléf.: 288 6000 |
                                                            www.intn.gov.py | e-mail: intn@intn.gov.py | Asunción – Paraguay",,1
intn_brand_service_requests,"Avda. Artigas 3973 y Gral. Roa / C.C. | Teléf.: 288 6000 |
                                                        www.intn.gov.py | e-mail: intn@intn.gov.py | Asunción – Paraguay",,1
intn_brand_service_requests,"Avenida Artigas N° 3.973 y Gral. Roa / Teléf: 595-21 290 160 - Asunción, Paraguay",,3
intn_brand_service_requests,Batch Certificates,,4
intn_brand_service_requests,Batch Conformity Certificate,,1
intn_brand_service_requests,Batch Detail,,1
intn_brand_service_requests,Batch Identification,,1
intn_brand_service_requests,Batch Quantity,,1
intn_brand_service_requests,Batch Size,,1
intn_brand_service_requests,Batch Size (kg),,1
intn_brand_service_requests,Batch Volume,,1
intn_brand_service_requests,Branch,,1
intn_brand_service_requests,Brand,,3
intn_brand_service_requests,Brand Batch Conformity Certificate,,1
intn_brand_service_requests,Brand Budget Conformity,,1
intn_brand_service_requests,Brand Budget Internal,,1
intn_brand_service_requests,Brand Budget System,,1
intn_brand_service_requests,Brand Conformity License,,1
intn_brand_service_requests,Brand Conformity License Mixin,,1
intn_brand_service_requests,Brand Conformity License Type 2,,1
intn_brand_service_requests,Brand Delivered Quantity Update Line,,1
intn_brand_service_requests,Brand Delivered Quantity Update Wizard,,1
intn_brand_service_requests,Brand Invoice Rejection Wizard,,1
intn_brand_service_requests,Brand Label Control,,1
intn_brand_service_requests,Brand Label Invoice Voucher,,1
intn_brand_service_requests,Brand Label Invoice Voucher Line,,1
intn_brand_service_requests,Brand Label Print Job,,1
intn_brand_service_requests,Brand Label Print Job Line,,1
intn_brand_service_requests,Brand Label Print Verify Wizard,,1
intn_brand_service_requests,Brand Label Print Wizard,,1
intn_brand_service_requests,Brand Label Printer,,1
intn_brand_service_requests,Brand Label Reprint Line,,1
intn_brand_service_requests,Brand Label Reprint Wizard,,1
intn_brand_service_requests,Brand Labels Printer,,1
intn_brand_service_requests,Brand License Certificates,,2
intn_brand_service_requests,Brand License Norm,,1
intn_brand_service_requests,Brand License Regulation,,1
intn_brand_service_requests,Brand License Scope,,1
intn_brand_service_requests,Brand License Services,,2
intn_brand_service_requests,Brand Licenses,,1
intn_brand_service_requests,Brand ONN Norms,,1
intn_brand_service_requests,Brand Payment Method,,1
intn_brand_service_requests,Brand Print Balance,,1
intn_brand_service_requests,Brand Print Balances,,1
intn_brand_service_requests,Brand Print Request,,2
intn_brand_service_requests,Brand Print Request Audit,,1
intn_brand_service_requests,Brand Print Request Audit Report,,1
intn_brand_service_requests,Brand Print Request Line,,1
intn_brand_service_requests,Brand Print Request Report Wizard,,1
intn_brand_service_requests,Brand Print Requests,,1
intn_brand_service_requests,Brand Print Shop,,1
intn_brand_service_requests,Brand Product Brand,,1
intn_brand_service_requests,Brand Product Manufacturer,,1
intn_brand_service_requests,Brand Rejection Note,,1
intn_brand_service_requests,Brand Report Date Helpers,,1
intn_brand_service_requests,Brand Report QR Code Mixin,,1
intn_brand_service_requests,Brand Request,,1
intn_brand_service_requests,Brand Requests,,1
intn_brand_service_requests,Brand Ring Color,,1
intn_brand_service_requests,Brand Sampling,,1
intn_brand_service_requests,Brand Sampling Extraction Minutes,,1
intn_brand_service_requests,Brand Sampling Report,,2
intn_brand_service_requests,Brand Sampling Test Request,,2
intn_brand_service_requests,Brand Sampling Test Request Line,,1
intn_brand_service_requests,Brand Scope 1,,1
intn_brand_service_requests,Brand Scope 2,,1
intn_brand_service_requests,Brand Service Requests,,1
intn_brand_service_requests,Brand Service Requests Manager,,1
intn_brand_service_requests,Brand Stage,,1
intn_brand_service_requests,Brand Stage Line,,1
intn_brand_service_requests,Brand Stages,,2
intn_brand_service_requests,Brand Sub-stage,,1
intn_brand_service_requests,Brand Sub-stages,,1
intn_brand_service_requests,Brand Test Determination,,1
intn_brand_service_requests,Brand Test Determination Product,,1
intn_brand_service_requests,Brand Usage,,1
intn_brand_service_requests,Brand Usage Code,,2
intn_brand_service_requests,Brand Usage State,,2
intn_brand_service_requests,Brand Voucher Management,,1
intn_brand_service_requests,Brand Voucher Management Line,,1
intn_brand_service_requests,Brand document print count,,1
intn_brand_service_requests,Brand request (%s),,1
intn_brand_service_requests,Brand services license certificate,,1
intn_brand_service_requests,Brand usage state enabled/expired is set automatically by license workflow.,,1
intn_brand_service_requests,Brand: Check License Expiry,,1
intn_brand_service_requests,Brand: ONN Norms,,1
intn_brand_service_requests,Brand: ONN Norms Reprint,,1
intn_brand_service_requests,Budget Stage,,2
intn_brand_service_requests,CANT.,,1
intn_brand_service_requests,CERTIFICADO DE CONFORMIDAD DE LOTES DE PRODUCTOS,,1
intn_brand_service_requests,Cancelar,,17
intn_brand_service_requests,Cancelled,,12
intn_brand_service_requests,Cantidad,,2
intn_brand_service_requests,Cantidad de Lote:,,1
intn_brand_service_requests,Cantidad muestra/s,,1
intn_brand_service_requests,Certificación,,1
intn_brand_service_requests,Certificación ONC,,2
intn_brand_service_requests,Certificado de Conformidad de Lote,,1
intn_brand_service_requests,Certificado de Conformidad de Lotes,,1
intn_brand_service_requests,Certificado de Conformidad de Lotes de Productos,,1
intn_brand_service_requests,Certificados de Conformidad de Lote,,1
intn_brand_service_requests,Certificados de lote,,1
intn_brand_service_requests,Certificate Balance,,1
intn_brand_service_requests,Certificate Balance Text,,1
intn_brand_service_requests,Certificate Management,,1
intn_brand_service_requests,Certificate Notes,,3
intn_brand_service_requests,City,,2
intn_brand_service_requests,City ID,,8
intn_brand_service_requests,Cliente,,1
intn_brand_service_requests,Cliente:,,1
intn_brand_service_requests,Color,,1
intn_brand_service_requests,Color de Anillos,,2
intn_brand_service_requests,Company,,7
intn_brand_service_requests,Confidencialidad:,,1
intn_brand_service_requests,Confirmar,,9
intn_brand_service_requests,Confirmed,,9
intn_brand_service_requests,Conformity,,1
intn_brand_service_requests,Conformity License,,1
intn_brand_service_requests,Conformity License Type 2,,1
intn_brand_service_requests,Contact,,1
intn_brand_service_requests,Contenido de la Nota,,1
intn_brand_service_requests,Control End,,1
intn_brand_service_requests,Control Next,,1
intn_brand_service_requests,Control Number,,3
intn_brand_service_requests,Control Start,,1
intn_brand_service_requests,Control de Etiquetas,,2
intn_brand_service_requests,Control de Etiquetas Vendidas,,1
intn_brand_service_requests,Country,,6
intn_brand_service_requests,Counts successful PDF downloads for print-once policies.,,1
intn_brand_service_requests,Crear Expediente,,1
intn_brand_service_requests,Crear Transferencias,,1
intn_brand_service_requests,Create,,1
intn_brand_service_requests,Created by,,39
intn_brand_service_requests,Created on,,39
intn_brand_service_requests,Current Stock,,1
intn_brand_service_requests,Customer,,1
intn_brand_service_requests,Customer Portal URL,,6
intn_brand_service_requests,"Código: ONC-FOR-021<br/>
                                                            Revisión: 06 <br/>
                                                            Vigencia: 2014-10-01<br/>
                                                            Página 1 de 2",,1
intn_brand_service_requests,DOCUMENTO DE REFERENCIA,,1
intn_brand_service_requests,Date,,5
intn_brand_service_requests,Date From,,1
intn_brand_service_requests,Date In Words,,5
intn_brand_service_requests,Date To,,1
intn_brand_service_requests,Datetime,,4
intn_brand_service_requests,Datos principales,,1
intn_brand_service_requests,Delivered Qty,,1
intn_brand_service_requests,Deliveries,,2
intn_brand_service_requests,Denominación de la empresa:,,1
intn_brand_service_requests,Descargar PDF,,2
intn_brand_service_requests,Descripción de los ítems:,,1
intn_brand_service_requests,Descripción muestra/s,,1
intn_brand_service_requests,Descripción:,,1
intn_brand_service_requests,Description,,1
intn_brand_service_requests,Description Html,,3
intn_brand_service_requests,Desde:,,1
intn_brand_service_requests,Detalle,,1
intn_brand_service_requests,Detalle del Lote,,1
intn_brand_service_requests,Determinaciones,,2
intn_brand_service_requests,Determinación,,1
intn_brand_service_requests,Determination,,1
intn_brand_service_requests,Determinations,,1
intn_brand_service_requests,Dirección:,,1
intn_brand_service_requests,Display Name,,39
intn_brand_service_requests,Display Type,,1
intn_brand_service_requests,Done,,2
intn_brand_service_requests,Download PDF,,1
intn_brand_service_requests,Draft,,10
intn_brand_service_requests,Duration,,1
intn_brand_service_requests,ESQUEMA TIPO 2,,1
intn_brand_service_requests,ETIQUETA,,1
intn_brand_service_requests,ETIQUETAS SOLICITADAS,,1
intn_brand_service_requests,"El Organismo Nacional de Certificación del INTN,
                                                    <span class=""bold"">
                                                        concede la presente Licencia para el Uso de la Marca ONC de Conformidad.
                                                    </span>",,1
intn_brand_service_requests,"El Organismo Nacional de Certificación del INTN,
                                                    concede la presente Licencia para el Uso de la Marca ONC de Conformidad, al producto.
                                                    <br/>
                                                    <br/>",,1
intn_brand_service_requests,Email,,1
intn_brand_service_requests,Enabled,,1
intn_brand_service_requests,Entregas,,1
intn_brand_service_requests,Enviar,,1
intn_brand_service_requests,"Esta LICENCIA, implica el cumplimiento de los requisitos del Reglamento General",,1
intn_brand_service_requests,Estado,,2
intn_brand_service_requests,Este ACTA deberá ser completado en el lugar y en el momento del muestreo.,,1
intn_brand_service_requests,Etapas,,1
intn_brand_service_requests,Etiqueta,,1
intn_brand_service_requests,Etiquetas solicitadas,,1
intn_brand_service_requests,Excel File,,1
intn_brand_service_requests,Excel Filename,,1
intn_brand_service_requests,Excel Row Count,,1
intn_brand_service_requests,Executing Department,,1
intn_brand_service_requests,Execution Date,,1
intn_brand_service_requests,Expedient,,1
intn_brand_service_requests,Expiration Date In Words,,6
intn_brand_service_requests,Expired,,1
intn_brand_service_requests,Expiry Date,,4
intn_brand_service_requests,Extraction Minutes,,2
intn_brand_service_requests,FABRICANTE,,1
intn_brand_service_requests,FECHA DE EXPIRACIÓN,,1
intn_brand_service_requests,"FORM - M - 16<br/>
                                                            Versión: 02 <br/>
                                                            Vigencia: 25/07/2017<br/>
                                                            Folio N°: 1",,1
intn_brand_service_requests,Fabricante,,1
intn_brand_service_requests,Fabricantes,,2
intn_brand_service_requests,Facturas / comprobantes,,1
intn_brand_service_requests,Facturas/Comprobantes,,2
intn_brand_service_requests,Fecha,,3
intn_brand_service_requests,Fecha de Vencimiento,,1
intn_brand_service_requests,Filas,,1
intn_brand_service_requests,First Label Printed,,1
intn_brand_service_requests,Followers,,16
intn_brand_service_requests,Followers (Partners),,16
intn_brand_service_requests,Font awesome icon e.g. fa-tasks,,16
intn_brand_service_requests,General Regulation,,2
intn_brand_service_requests,Generar Reporte,,1
intn_brand_service_requests,Generar Reporte de Solicitudes de Impresión,,2
intn_brand_service_requests,Gestión de Comprobantes,,2
intn_brand_service_requests,"Habiendo total acuerdo en los datos contenidos en este acta y con el sistema para la extracción de la muestra se firman tres ejemplares de un mismo
                                                    tenor y a un solo efecto.",,1
intn_brand_service_requests,Has Message,,16
intn_brand_service_requests,Has Valid Qty,,1
intn_brand_service_requests,Hasta:,,1
intn_brand_service_requests,Header,,1
intn_brand_service_requests,I - PRODUCTO,,1
intn_brand_service_requests,I - SOLICITANTE,,1
intn_brand_service_requests,ID,,39
intn_brand_service_requests,II - FABRICANTE,,1
intn_brand_service_requests,II - SOLICITANTE,,1
intn_brand_service_requests,III - INFORMES RELACIONADOS,,1
intn_brand_service_requests,III - PRODUCTO,,1
intn_brand_service_requests,INFORME DE MUESTREO,,1
intn_brand_service_requests,"INSTITUTO NACIONAL DE TECNOLOGÍA, NORMALIZACIÓN Y METROLOGÍA",,1
intn_brand_service_requests,IV - DOCUMENTO DE REFERENCIA,,1
intn_brand_service_requests,Icon,,16
intn_brand_service_requests,Icon to indicate an exception activity.,,16
intn_brand_service_requests,Identificación del Lote:,,1
intn_brand_service_requests,Identificación muestra/s,,1
intn_brand_service_requests,"If checked, new messages require your attention.",,16
intn_brand_service_requests,"If checked, some messages have a delivery error.",,32
intn_brand_service_requests,Imprentas,,2
intn_brand_service_requests,Impresiones,,1
intn_brand_service_requests,Impresión de Etiquetas,,2
intn_brand_service_requests,Impresoras,,2
intn_brand_service_requests,Imprimir,,2
intn_brand_service_requests,Imprimir Primera Etiqueta,,1
intn_brand_service_requests,In ONN Norms Group,,2
intn_brand_service_requests,Informe de Muestreo,,2
intn_brand_service_requests,Informes de Ensayo:,,1
intn_brand_service_requests,Insufficient print balance.,,1
intn_brand_service_requests,Insufficient ring balance for label %(label)s.,,1
intn_brand_service_requests,Insufficient stock in the label print location.,,1
intn_brand_service_requests,Internal,,1
intn_brand_service_requests,Internal picking type is not configured.,,1
intn_brand_service_requests,Invalid service type,,1
intn_brand_service_requests,Inventory Locations,,1
intn_brand_service_requests,Invoice Balance,,1
intn_brand_service_requests,Invoice Balance Text,,1
intn_brand_service_requests,Invoice Date,,1
intn_brand_service_requests,Invoice Number,,1
intn_brand_service_requests,Invoice Vouchers,,2
intn_brand_service_requests,Invoice number and stamp must be unique.,,1
intn_brand_service_requests,Is Agent,,2
intn_brand_service_requests,Is Brand License Services,,1
intn_brand_service_requests,Is Follower,,16
intn_brand_service_requests,Is Label,,2
intn_brand_service_requests,Is Ring,,2
intn_brand_service_requests,Items Description,,1
intn_brand_service_requests,KG/L POR UNIDAD.,,1
intn_brand_service_requests,KG/L TOTAL.,,1
intn_brand_service_requests,"LICENCIA <br/>
                                                            ONC N°",,1
intn_brand_service_requests,LICENCIA DE CONFORMIDAD,,2
intn_brand_service_requests,"La/s muestra/s detallada/s en la presente Solicitud coincide/n con la/s muestra/s recepcionada/s:<br/>
                                                        Recibido por: <br/>
                                                        Aclaración: <br/>
                                                        Fecha y hora: <br/>
                                                        Observación: <br/><br/>",,1
intn_brand_service_requests,Label Delivery Operation,,1
intn_brand_service_requests,Label Lot,,1
intn_brand_service_requests,Label Print Job,,1
intn_brand_service_requests,Label Print Location,,1
intn_brand_service_requests,Label Print Name,,2
intn_brand_service_requests,Label Printed Location,,1
intn_brand_service_requests,Label Products,,2
intn_brand_service_requests,Label print location is not configured.,,1
intn_brand_service_requests,Label printed location is not configured.,,1
intn_brand_service_requests,"Las muestras extraídas e identificadas serán transportadas por el funcionario del ONI - INTN firmante en este acta, quien es
                                                responsable de su entrega en óptimas condiciones. Si serán transportadas por otros mecanismos, se debe aclarar en el presente documento.",,1
intn_brand_service_requests,Last Updated by,,39
intn_brand_service_requests,Last Updated on,,39
intn_brand_service_requests,Licencia de Conformidad,,3
intn_brand_service_requests,Licencia de Conformidad Esquema Tipo 2,,2
intn_brand_service_requests,Licencia de Uso de Marca INTN - Servicios,,1
intn_brand_service_requests,Licencia para el Uso de Marca INTN - Servicios,,2
intn_brand_service_requests,Licencias,,1
intn_brand_service_requests,License Certificate,,3
intn_brand_service_requests,License Code,,2
intn_brand_service_requests,Line,,1
intn_brand_service_requests,Lines,,7
intn_brand_service_requests,Lines to Print,,1
intn_brand_service_requests,Lot,,3
intn_brand_service_requests,Lot Number,,1
intn_brand_service_requests,Lote:,,1
intn_brand_service_requests,Lots,,1
intn_brand_service_requests,Lugar de Muestreo:,,1
intn_brand_service_requests,Líneas de Factura,,1
intn_brand_service_requests,Management,,1
intn_brand_service_requests,Management Line,,1
intn_brand_service_requests,Manufacturer,,9
intn_brand_service_requests,Manufacturer Tax ID,,3
intn_brand_service_requests,Marca,,1
intn_brand_service_requests,Marcas,,2
intn_brand_service_requests,Message Delivery error,,16
intn_brand_service_requests,Messages,,16
intn_brand_service_requests,Missing sale order for this request.,,1
intn_brand_service_requests,Model,,1
intn_brand_service_requests,Modelo,,1
intn_brand_service_requests,Muestra,,1
intn_brand_service_requests,Muestras,,1
intn_brand_service_requests,Must match the service category on portal service requests.,,1
intn_brand_service_requests,My Activity Deadline,,16
intn_brand_service_requests,Métodos de Pago,,2
intn_brand_service_requests,NP 118,,1
intn_brand_service_requests,Name,,21
intn_brand_service_requests,Needs Verification,,1
intn_brand_service_requests,New,,1
intn_brand_service_requests,New Brand Request,,1
intn_brand_service_requests,Next Activity Calendar Event,,16
intn_brand_service_requests,Next Activity Deadline,,16
intn_brand_service_requests,Next Activity Summary,,16
intn_brand_service_requests,Next Activity Type,,16
intn_brand_service_requests,Next Control Number,,2
intn_brand_service_requests,No active label printer is configured.,,1
intn_brand_service_requests,No brand requests yet.,,1
intn_brand_service_requests,Norm Document,,2
intn_brand_service_requests,Norm Document Name,,2
intn_brand_service_requests,Normas,,2
intn_brand_service_requests,Norms,,6
intn_brand_service_requests,Nota de Rechazo,,2
intn_brand_service_requests,Note,,2
intn_brand_service_requests,Notes,,3
intn_brand_service_requests,Nueva Solicitud de Impresión,,1
intn_brand_service_requests,Nueva solicitud,,1
intn_brand_service_requests,Number End,,1
intn_brand_service_requests,Number Start,,1
intn_brand_service_requests,Number of Actions,,16
intn_brand_service_requests,Number of errors,,16
intn_brand_service_requests,Number of messages requiring action,,16
intn_brand_service_requests,Number of messages with delivery error,,16
intn_brand_service_requests,ONC N°,,2
intn_brand_service_requests,ONC-FOR-051 / Rev. 01,,1
intn_brand_service_requests,ONC-FOR-052 / Rev. 00,,1
intn_brand_service_requests,ONC-FOR-068 / Rev. 01,,1
intn_brand_service_requests,ONN Norms,,3
intn_brand_service_requests,ONN Norms Preview,,1
intn_brand_service_requests,ONN Norms Reprint,,3
intn_brand_service_requests,ORGANISMO NACIONAL DE CERTIFICACIÓN <br/>,,1
intn_brand_service_requests,"ORGANISMO NACIONAL DE CERTIFICACIÓN DEL <br/>
                                                                INSTITUTO NACIONAL DE TECNOLOGÍA, NORMALIZACIÓN Y METROLOGÍA",,1
intn_brand_service_requests,Observaciones,,1
intn_brand_service_requests,Observaciones:,,1
intn_brand_service_requests,Observación,,1
intn_brand_service_requests,Observations,,1
intn_brand_service_requests,Only cancelled print jobs can be deleted.,,1
intn_brand_service_requests,Only draft batch certificates can be deleted.,,1
intn_brand_service_requests,Only draft voucher management records can be deleted.,,1
intn_brand_service_requests,Operaciones,,1
intn_brand_service_requests,Order,,8
intn_brand_service_requests,"Organismo Nacional de Inspección (ONI) <br/>
                                                            Departamento de Muestreo <br/>
                                                            Acta de Extracción de Muestras",,1
intn_brand_service_requests,Organization,,1
intn_brand_service_requests,Origen,,1
intn_brand_service_requests,Origin,,1
intn_brand_service_requests,Partner,,11
intn_brand_service_requests,Pending,,1
intn_brand_service_requests,Phone,,1
intn_brand_service_requests,Picking Count,,1
intn_brand_service_requests,Picking Type,,1
intn_brand_service_requests,Portal Access URL,,6
intn_brand_service_requests,Portal brand request,,1
intn_brand_service_requests,Powder Kg Total,,1
intn_brand_service_requests,Powder Kg per Unit,,3
intn_brand_service_requests,Presentación:,,1
intn_brand_service_requests,Presentation,,1
intn_brand_service_requests,Presupuesto Conformidad,,1
intn_brand_service_requests,Presupuesto Interno,,1
intn_brand_service_requests,Presupuesto Sistema,,1
intn_brand_service_requests,Preview:,,1
intn_brand_service_requests,Print Job,,6
intn_brand_service_requests,Print Jobs,,2
intn_brand_service_requests,Print Labels,,2
intn_brand_service_requests,Print Request,,4
intn_brand_service_requests,Print Request Report,,1
intn_brand_service_requests,Print Shop,,1
intn_brand_service_requests,Print request %(name)s submitted from the customer portal.,,1
intn_brand_service_requests,Printed Count,,1
intn_brand_service_requests,Printer,,4
intn_brand_service_requests,Product,,13
intn_brand_service_requests,Product Brand,,2
intn_brand_service_requests,Product Lines,,1
intn_brand_service_requests,Product Tmpl,,1
intn_brand_service_requests,Producto,,2
intn_brand_service_requests,Producto:,,1
intn_brand_service_requests,Products,,2
intn_brand_service_requests,Purchase Invoice Name,,1
intn_brand_service_requests,Purchase Invoice PDF,,1
intn_brand_service_requests,Qr Code,,4
intn_brand_service_requests,Qty,,4
intn_brand_service_requests,Qty Used,,1
intn_brand_service_requests,Quantity,,1
intn_brand_service_requests,Ratings,,16
intn_brand_service_requests,Ready,,1
intn_brand_service_requests,Reason,,1
intn_brand_service_requests,Reception Date,,1
intn_brand_service_requests,Rechazar,,1
intn_brand_service_requests,Reference,,2
intn_brand_service_requests,Reference Documents,,3
intn_brand_service_requests,Referencia,,4
intn_brand_service_requests,Registro de Comprobantes,,1
intn_brand_service_requests,Registro de Impresión,,1
intn_brand_service_requests,Reglamentos,,2
intn_brand_service_requests,Regulations,,1
intn_brand_service_requests,Reject Invoice,,1
intn_brand_service_requests,Rejection Note,,1
intn_brand_service_requests,Rejection Reason,,2
intn_brand_service_requests,Related Batch Certificates,,1
intn_brand_service_requests,Related Invoice Vouchers,,1
intn_brand_service_requests,Related Reports,,1
intn_brand_service_requests,Remaining Batch (kg) Approx,,1
intn_brand_service_requests,Remaining Batch (kg) Real,,1
intn_brand_service_requests,Report not available until the related service is invoiced.,,1
intn_brand_service_requests,Report not available until the related service is paid.,,1
intn_brand_service_requests,Reporte de Solicitudes de Impresión,,1
intn_brand_service_requests,Reprint,,3
intn_brand_service_requests,Reprint Labels,,2
intn_brand_service_requests,Reprint Status,,1
intn_brand_service_requests,Request,,1
intn_brand_service_requests,Request Date,,3
intn_brand_service_requests,Requested,,1
intn_brand_service_requests,Responsible User,,19
intn_brand_service_requests,Ring Product,,2
intn_brand_service_requests,Ring Purchase,,1
intn_brand_service_requests,Ring purchase invoices do not match the ring required for label %(label)s.,,1
intn_brand_service_requests,S.E. N°:,,1
intn_brand_service_requests,SMS Delivery error,,16
intn_brand_service_requests,SOLICITANTE,,1
intn_brand_service_requests,SOLICITUD DE ENSAYOS Y/O INSPECCION,,1
intn_brand_service_requests,SOLICITUD DE IMPRESIÓN,,1
intn_brand_service_requests,Safety,,2
intn_brand_service_requests,Safety Sheet Number,,2
intn_brand_service_requests,Saldo,,1
intn_brand_service_requests,Saldos de Impresión,,1
intn_brand_service_requests,Sales Order,,1
intn_brand_service_requests,Sample,,2
intn_brand_service_requests,Sample Identification,,1
intn_brand_service_requests,Sample Quantity,,1
intn_brand_service_requests,Sampling Extraction Minutes,,1
intn_brand_service_requests,Sampling Location,,2
intn_brand_service_requests,Sampling Reports,,1
intn_brand_service_requests,Scrap,,3
intn_brand_service_requests,Scrap Count,,1
intn_brand_service_requests,Scraps,,1
intn_brand_service_requests,Seal Number,,2
intn_brand_service_requests,Section,,1
intn_brand_service_requests,Security Token,,6
intn_brand_service_requests,Selected,,1
intn_brand_service_requests,Sequence,,5
intn_brand_service_requests,Sequence Label,,1
intn_brand_service_requests,Service Category,,2
intn_brand_service_requests,Service Description 1,,1
intn_brand_service_requests,Service Description 2,,1
intn_brand_service_requests,Service Request,,2
intn_brand_service_requests,Service Request Service Catalog,,1
intn_brand_service_requests,Service Type,,3
intn_brand_service_requests,Show Authorize Reprint Button,,1
intn_brand_service_requests,Show Balances,,2
intn_brand_service_requests,Show First Label Button,,1
intn_brand_service_requests,Show Print Button,,1
intn_brand_service_requests,Show Verify Button,,1
intn_brand_service_requests,Solicitamos:,,1
intn_brand_service_requests,Solicitar Reimpresión,,2
intn_brand_service_requests,Solicitu de Servicio al INTN N°:,,1
intn_brand_service_requests,Solicitud de Ensayos y/o Inspección,,2
intn_brand_service_requests,Solicitud de Normas,,2
intn_brand_service_requests,Solicitudes,,2
intn_brand_service_requests,Solicitudes de Impresión,,2
intn_brand_service_requests,Specific Regulations,,2
intn_brand_service_requests,Stage,,2
intn_brand_service_requests,Stamp Number,,1
intn_brand_service_requests,State,,19
intn_brand_service_requests,Status,,1
intn_brand_service_requests,"Status based on activities
Overdue: Due date is already passed
Today: Activity date is today
Planned: Future activities.",,16
intn_brand_service_requests,Street,,9
intn_brand_service_requests,Sub Etapas,,1
intn_brand_service_requests,Subir control,,1
intn_brand_service_requests,Substage,,1
intn_brand_service_requests,Supplier,,1
intn_brand_service_requests,Suspended,,1
intn_brand_service_requests,System,,1
intn_brand_service_requests,Tamaño del Lote,,1
intn_brand_service_requests,Test Determinations,,3
intn_brand_service_requests,Test Request,,1
intn_brand_service_requests,Test Request Line,,1
intn_brand_service_requests,The Tax Identification Number. Values here will be validated based on the country format. You can use '/' to indicate that the partner is not subject to tax.,,8
intn_brand_service_requests,The applicant must have a brand usage code before confirming the license.,,1
intn_brand_service_requests,This document can only be downloaded once.,,1
intn_brand_service_requests,"Toda documentación o datos de los resultados obtenidos durante la realización de los ensayos y/o inspecciones,
                                                        son de carácter confidencial; por lo que no puede proporcionarse a terceros, sin el consentimiento por escrito del Organismo
                                                        Nacional de Certificación.",,1
intn_brand_service_requests,Total Certificate Balance,,1
intn_brand_service_requests,Total Invoice Balance,,1
intn_brand_service_requests,Transfer,,1
intn_brand_service_requests,Trazabilidad de Uso de Marca,,1
intn_brand_service_requests,Type,,1
intn_brand_service_requests,Type of the exception activity on record.,,16
intn_brand_service_requests,Update Delivered Quantities,,2
intn_brand_service_requests,User,,3
intn_brand_service_requests,V - FECHA DE VENCIMIENTO,,1
intn_brand_service_requests,VI - OBSERVACIONES,,1
intn_brand_service_requests,Validity Period,,1
intn_brand_service_requests,Verificar,,3
intn_brand_service_requests,Verified,,3
intn_brand_service_requests,Verified Lines,,1
intn_brand_service_requests,Verify Print Job,,2
intn_brand_service_requests,Vigilancia,,1
intn_brand_service_requests,Volumen del lote:,,1
intn_brand_service_requests,Voucher,,1
intn_brand_service_requests,Voucher Management,,3
intn_brand_service_requests,Vouchers,,1
intn_brand_service_requests,Válido hasta el,,1
intn_brand_service_requests,Website Messages,,16
intn_brand_service_requests,Website communication history,,16
intn_brand_service_requests,"When the customer does not purchase rings, ring purchase invoices are required for label %(label)s.",,1
intn_brand_service_requests,Wizard,,2
intn_brand_service_requests,Year,,1
intn_brand_service_requests,Your printed labels are ready for pickup at the ONC office for print request %(name)s.,,1
intn_brand_service_requests,kg),,1
intn_brand_service_requests,marca,,1
intn_brand_service_requests,y de las Normas Paraguayas,,1
intn_certificate_management,Cannot cancel certificate: Delivery order must be cancelled first.,,1
intn_certificate_management,Cannot confirm certificate: Expiration date is required.,,1
intn_certificate_management,Cannot confirm certificate: a linked sale order (expediente) is required before confirmation.,,1
intn_certificate_management,Cannot confirm certificate: invoice must be paid first. Related sale order: %(order)s,,1
intn_certificate_management,Date From cannot be greater than Date To.,,1
intn_certificate_management,"Excel export for both Certificates and Services is not supported.
Please select only one type or use PDF format.

Found:
- %d Certificates
- %d Services",,1
intn_certificate_management,Impossibility Cases - Certificates,,1
intn_certificate_management,Impossibility Cases - Services,,1
intn_certificate_management,No customer stock location found.,,1
intn_certificate_management,No internal stock location found.,,1
intn_certificate_management,No outgoing picking type found.,,1
intn_certificate_management,Only draft certificates can be confirmed.,,1
intn_certificate_management,PDF,,1
intn_certificate_management,Please select at least one type of record.,,1
intn_certificate_management,Portal PDF Download Allowed,,1
intn_certificate_management,"True when the customer may download the certificate PDF from the portal. Uses posted customer invoices only and allows paid, in payment, and partially paid.",,1
intn_delivery_certificate,Cannot confirm certificate: Remission must be confirmed first.,,1
intn_delivery_certificate,Only draft certificates can be confirmed.,,1
intn_delivery_certificate,Approve document,,1
intn_delivery_certificate,Document review,,1
intn_delivery_certificate,Observe,,1
intn_delivery_certificate,Reject document,,1
intn_delivery_certificate,Review comment,,1
intn_delivery_certificate,Review date,,1
intn_delivery_certificate,Reviewed by,,1
intn_documents,"<option value="""">All</option>",,1
intn_documents,A reason is required for reprinting.,,1
intn_documents,Active,,2
intn_documents,Archived,,1
intn_documents,Backend,,1
intn_documents,Cancel,,1
intn_documents,Certificate,,2
intn_documents,Certificate Reprint Wizard,,1
intn_documents,Certificate state,,1
intn_documents,Certificates,,2
intn_documents,Channel,,1
intn_documents,Could not generate the certificate PDF for %s.,,1
intn_documents,Created by,,3
intn_documents,Created on,,3
intn_documents,DMS Category (Emitted),,1
intn_documents,DMS Directories,,2
intn_documents,DMS category used when syncing the emitted PDF into the record directory.,,1
intn_documents,Date,,2
intn_documents,Display Name,,3
intn_documents,Document Departments,,1
intn_documents,Document Version,,1
intn_documents,Documents,,3
intn_documents,Download,,1
intn_documents,Download Policies,,4
intn_documents,Download Policy,,1
intn_documents,Emission Date,,1
intn_documents,Emitido,,1
intn_documents,Emitted PDF,,3
intn_documents,Explain why the certificate is being reprinted (e.g. physical loss).,,1
intn_documents,Filter,,1
intn_documents,Fleet,,1
intn_documents,From,,1
intn_documents,Generic,,1
intn_documents,ID,,3
intn_documents,INTN Department,,1
intn_documents,INTN Document Download Policy,,1
intn_documents,INTN Documents,,3
intn_documents,INTN Documents / Auditor (all departments),,1
intn_documents,INTN Documents / Department scoped,,1
intn_documents,INTN Documents / Fleet,,1
intn_documents,INTN Documents / Generic,,1
intn_documents,INTN Documents / Metrology,,1
intn_documents,IP Address,,1
intn_documents,"If unchecked, certificates of this type are hidden from the portal document list.",,1
intn_documents,Internal department that owns certificates of this type.,,1
intn_documents,Last Updated by,,3
intn_documents,Last Updated on,,3
intn_documents,Metrology,,1
intn_documents,Missing required attachments: %s,,1
intn_documents,My Documents,,1
intn_documents,No certificates found,,1
intn_documents,No emitted PDF is available for this certificate.,,1
intn_documents,Only confirmed certificates can be reprinted.,,1
intn_documents,Only one download policy per certificate type is allowed.,,1
intn_documents,Portal,,1
intn_documents,Portal Download Allowed,,1
intn_documents,Print Count,,1
intn_documents,Print History,,5
intn_documents,Print Log,,1
intn_documents,Prints,,1
intn_documents,Reason,,2
intn_documents,Reprint,,2
intn_documents,Reprint Certificate,,2
intn_documents,Requires Payment,,1
intn_documents,Restrict certificate.management visibility by department.,,1
intn_documents,"Search by partner, certificate type, or verification date.",,1
intn_documents,State,,1
intn_documents,To,,1
intn_documents,Verification Date,,1
intn_documents,Version,,1
intn_documents,"When confirmed, generate and persist the official PDF delivered to the customer.",,1
intn_documents,"When disabled, portal users cannot download PDFs for this certificate type.",,1
intn_documents,"When enabled, portal download follows invoice payment rules. When disabled, payment is not required for portal download.",,1
intn_documents,"When the user belongs to the Documents department-scoped group, only certificates whose type is linked to these departments are visible.",,1
intn_documents,e.g. physical loss,,1
intn_documents,Description,,1
intn_documents,Download Disabled,,1
intn_documents,Download Limit Reached,,1
intn_documents,"Each print log must reference either a certificate or a service request report, but not both.",,1
intn_documents,Kind,,1
intn_documents,Maximum portal downloads per certificate version. Set to 0 for unlimited downloads after other rules pass.,,1
intn_documents,No documents found.,,1
intn_documents,Payment Required,,1
intn_documents,Portal Download Block Reason,,1
intn_documents,Portal Downloads Remaining,,1
intn_documents,Portal Max Downloads,,1
intn_documents,Reference,,1
intn_documents,Remaining portal downloads for the current version (empty when unlimited).,,1
intn_documents,Report XML ID,,1
intn_documents,Showing,,1
intn_documents,Technical XML ID of the portal report when the log is not tied to a certificate.,,1
intn_documents,documents,,1
intn_documents,of,,1
intn_documents,File,,0
intn_documents,No attachments.,,0
intn_documents,No certificates.,,0
intn_documents,Number,,0
intn_documents,Request,,0
intn_documents,Request attachments,,0
intn_documents,Type,,0
intn_documents,Uploaded,,0
intn_documents,Verification,,0
intn_fleet_cistern,A vehicle can only have one active trailer assignment.,,1
intn_fleet_cistern,A vehicle cannot be its own trailer.,,1
intn_fleet_cistern,A vehicle with VIN/Chassis number %s already exists.,,1
intn_fleet_cistern,A vehicle with license plate %s already exists.,,1
intn_fleet_cistern,Access denied,,1
intn_fleet_cistern,Action,,1
intn_fleet_cistern,An error occurred: %s,,1
intn_fleet_cistern,Assembly Plant,,1
intn_fleet_cistern,Año fabricación,,1
intn_fleet_cistern,Brand is required.,,1
intn_fleet_cistern,"Brand, body style, engine type, and model series",,1
intn_fleet_cistern,Brand:,,1
intn_fleet_cistern,Capacity (liters):,,1
intn_fleet_cistern,Chasis (VIN),,1
intn_fleet_cistern,Chassis number is required.,,1
intn_fleet_cistern,Check Digit,,1
intn_fleet_cistern,Cistern Plate:,,1
intn_fleet_cistern,Cistern plate is required.,,1
intn_fleet_cistern,Company is required.,,1
intn_fleet_cistern,Compartimientos,,1
intn_fleet_cistern,"Country, manufacturer, and vehicle type/division",,1
intn_fleet_cistern,Driver:,,1
intn_fleet_cistern,End date must be greater than or equal to start date.,,1
intn_fleet_cistern,ID de marca,,1
intn_fleet_cistern,ID de modelo,,1
intn_fleet_cistern,Invalid model selection.,,1
intn_fleet_cistern,Invalid truck selection.,,1
intn_fleet_cistern,License Plate:,,1
intn_fleet_cistern,License plate is required,,1
intn_fleet_cistern,License plate is required.,,1
intn_fleet_cistern,Loading...,,1
intn_fleet_cistern,Manufacturing plant where the vehicle was assembled,,1
intn_fleet_cistern,Marca,,1
intn_fleet_cistern,Matrícula,,1
intn_fleet_cistern,Matrícula de cisterna,,1
intn_fleet_cistern,Model,,1
intn_fleet_cistern,Model Year,,1
intn_fleet_cistern,Model is required,,1
intn_fleet_cistern,Model is required.,,1
intn_fleet_cistern,Model year code,,1
intn_fleet_cistern,Model:,,1
intn_fleet_cistern,Modelo,,1
intn_fleet_cistern,My trailers,,1
intn_fleet_cistern,My vehicles,,1
intn_fleet_cistern,"No está permitido eliminar vehículos. Use la opción 'Archivar' para ocultarlos del listado operativo. Si necesita eliminación permanente, contacte al administrador.",,1
intn_fleet_cistern,No trailers found.,,1
intn_fleet_cistern,No vehicles found.,,1
intn_fleet_cistern,Non-standardized chassis number (pre-1981 vehicles),,1
intn_fleet_cistern,Pre-1981 Chassis Number,,1
intn_fleet_cistern,Security code to verify VIN authenticity,,1
intn_fleet_cistern,Sequential Production Number,,1
intn_fleet_cistern,State,,1
intn_fleet_cistern,State:,,1
intn_fleet_cistern,Status,,1
intn_fleet_cistern,The chassis number (VIN) cannot be changed once it has been saved.,,1
intn_fleet_cistern,The chassis number (VIN) must be unique. Vehicle %s already uses this chassis.,,1
intn_fleet_cistern,The cistern plate must be unique. Vehicle %s already uses this plate.,,1
intn_fleet_cistern,The license plate must be unique. Vehicle %s already uses this plate.,,1
intn_fleet_cistern,The selected vehicle is not a trailer.,,1
intn_fleet_cistern,This document does not exist.,,1
intn_fleet_cistern,Trailer history is read-only. Assign a trailer from the vehicle record to update history.,,1
intn_fleet_cistern,Truck license plate and cistern plate cannot be the same.,,1
intn_fleet_cistern,Unique production sequence number for this vehicle,,1
intn_fleet_cistern,Unsupported portal page.,,1
intn_fleet_cistern,VDS (Vehicle Description Section),,1
intn_fleet_cistern,VIN (Chassis Number),,1
intn_fleet_cistern,VIN/Chassis,,1
intn_fleet_cistern,VIN/Chassis Number:,,1
intn_fleet_cistern,Vehicle not found,,1
intn_fleet_cistern,Vehicle not found.,,2
intn_fleet_cistern,View,,1
intn_fleet_cistern,View Details,,1
intn_fleet_cistern,View VIN Details,,1
intn_fleet_cistern,WMI (World Manufacturer Identifier),,1
intn_fleet_cistern,You cannot assign this vehicle to that company.,,1
intn_fleet_cistern,You don't have access to this vehicle.,,1
intn_fleet_cistern,Access denied.,,1
intn_fleet_cistern,Archived vehicles cannot be edited.,,1
intn_fleet_cistern,Capacity is required for each compartment.,,1
intn_fleet_cistern,Change Reason,,1
intn_fleet_cistern,Cistern Chassis (VIN),,1
intn_fleet_cistern,Cistern Model,,1
intn_fleet_cistern,Cistern brand is required.,,1
intn_fleet_cistern,Cistern chassis number is required.,,1
intn_fleet_cistern,Cistern manufacturing year is required.,,1
intn_fleet_cistern,Cistern model is required.,,1
intn_fleet_cistern,Cistern not found.,,1
intn_fleet_cistern,Compartment Capacities,,1
intn_fleet_cistern,Compartment Number,,1
intn_fleet_cistern,Compartment number must be unique per vehicle.,,1
intn_fleet_cistern,Compartment numbers must be sequential from 1 to %s.,,1
intn_fleet_cistern,Contact,,1
intn_fleet_cistern,Date End,,1
intn_fleet_cistern,Date Start,,1
intn_fleet_cistern,ECOP,,1
intn_fleet_cistern,Each compartment capacity must be greater than zero.,,1
intn_fleet_cistern,Emblem code %(code)s is already used for emblem %(emblem)s.,,1
intn_fleet_cistern,Emblem is required.,,1
intn_fleet_cistern,Emblema ECOP (referencia v12),,1
intn_fleet_cistern,Emblema corporativo SHELL (referencia v12),,1
intn_fleet_cistern,Emblema particular (referencia v12),,1
intn_fleet_cistern,Fleet Vehicle Compartment,,1
intn_fleet_cistern,Fleet Vehicle Tractor History,,1
intn_fleet_cistern,Fleet drivers assigned to vehicles owned by portal-accessible companies but not linked as child contacts.,,2
intn_fleet_cistern,Legacy uniform capacity; kept in sync when all compartments match.,,1
intn_fleet_cistern,Manufacturing year is required.,,1
intn_fleet_cistern,New tractor,,1
intn_fleet_cistern,No active tractor is linked to this cistern.,,1
intn_fleet_cistern,Nominal Capacity per Compartment,,1
intn_fleet_cistern,Nominal Tank Load Capacity,,1
intn_fleet_cistern,Nominal tank load capacity is required.,,1
intn_fleet_cistern,Nominal total tank load capacity is required.,,1
intn_fleet_cistern,Number of compartment capacity lines must match compartment count.,,1
intn_fleet_cistern,Number of compartments must be between 1 and 7.,,2
intn_fleet_cistern,Owner change,,1
intn_fleet_cistern,PARTICULAR,,1
intn_fleet_cistern,Portal fleet driver partners,,2
intn_fleet_cistern,Reassignment from another tank,,1
intn_fleet_cistern,SHELL,,1
intn_fleet_cistern,Sequence,,1
intn_fleet_cistern,Sum of compartment capacities (%(total)s) must equal total capacity (%(capacity)s).,,1
intn_fleet_cistern,Tank Data,,1
intn_fleet_cistern,Tank Vehicle,,1
intn_fleet_cistern,Tractor,,1
intn_fleet_cistern,Tractor Truck Data,,1
intn_fleet_cistern,Tractor unlink is only available for cisterns (trailers).,,1
intn_fleet_cistern,Tractor unlinked,,1
intn_fleet_cistern,Tractor unlinked from cistern.,,1
intn_fleet_cistern,Truck Code,,1
intn_fleet_cistern,Truck code %(code)s is already used for company %(company)s.,,1
intn_fleet_cistern,Truck code %(code)s is already used for emblem %(emblem)s.,,1
intn_fleet_cistern,Truck code is required.,,1
intn_fleet_cistern,Truck code must contain only letters and numbers.,,2
intn_fleet_cistern,Vehicle deactivated.,,1
intn_fleet_cistern,Capacidad (litros),,0
intn_fleet_cistern,Capacity is required.,,0
intn_fleet_cistern,Cistern Information,,0
intn_fleet_cistern,Compartments are required.,,0
intn_fleet_cistern,Premium Emblem,,0
intn_fleet_cistern,Premium verification emblem for high-capacity cisterns,,0
intn_fleet_cistern,Standard Emblem,,0
intn_fleet_cistern,Standard verification emblem for cistern vehicles,,0
intn_fleet_cistern_certificates,"<span class=""bold"" style=""margin-right:5px;"">RUC:</span>",,1
intn_fleet_cistern_certificates,Allowed Lots,,2
intn_fleet_cistern_certificates,Assign,,1
intn_fleet_cistern_certificates,Assign Seals,,4
intn_fleet_cistern_certificates,Assign Seals Wizard,,1
intn_fleet_cistern_certificates,Assign Seals Wizard Line,,1
intn_fleet_cistern_certificates,Cannot assign seals: all compartments must have number and capacity.,,1
intn_fleet_cistern_certificates,Cannot assign seals: no compartment dimensions configured.,,1
intn_fleet_cistern_certificates,Company,,1
intn_fleet_cistern_certificates,Compartment Req Capacity,,1
intn_fleet_cistern_certificates,Compartment Req Empty Space Height,,1
intn_fleet_cistern_certificates,Compartment Req Full Space Height,,1
intn_fleet_cistern_certificates,Compartment Req Height,,1
intn_fleet_cistern_certificates,Compartment Req Internal Measures,,1
intn_fleet_cistern_certificates,Compartment Req Length,,1
intn_fleet_cistern_certificates,Compartment Req Total Space Height,,1
intn_fleet_cistern_certificates,Compartment Req Width,,1
intn_fleet_cistern_certificates,Compartment Show Capacity,,2
intn_fleet_cistern_certificates,Compartment Show Empty Space Height,,2
intn_fleet_cistern_certificates,Compartment Show Full Space Height,,2
intn_fleet_cistern_certificates,Compartment Show Height,,2
intn_fleet_cistern_certificates,Compartment Show Internal Measures,,2
intn_fleet_cistern_certificates,Compartment Show Length,,2
intn_fleet_cistern_certificates,Compartment Show Total Space Height,,2
intn_fleet_cistern_certificates,Compartment Show Width,,2
intn_fleet_cistern_certificates,Compartment number is required for compartment data lines.,,1
intn_fleet_cistern_certificates,Could not locate the stock move line for a seal serial.,,1
intn_fleet_cistern_certificates,Could not locate the stock move line for the selected serial.,,1
intn_fleet_cistern_certificates,Could not reserve stock for a seal serial.,,1
intn_fleet_cistern_certificates,Could not reserve stock for the selected serial.,,1
intn_fleet_cistern_certificates,End date must be greater than or equal to start date.,,1
intn_fleet_cistern_certificates,From,,1
intn_fleet_cistern_certificates,Generate Serials,,1
intn_fleet_cistern_certificates,Generated Lots,,1
intn_fleet_cistern_certificates,Invalid range limits.,,1
intn_fleet_cistern_certificates,Missing required compartment measures based on Settings: %s,,1
intn_fleet_cistern_certificates,Move Line,,1
intn_fleet_cistern_certificates,No certificates found for the selected criteria.,,1
intn_fleet_cistern_certificates,No outgoing picking type configured for this warehouse.,,2
intn_fleet_cistern_certificates,No seal products found in the configured category.,,1
intn_fleet_cistern_certificates,Not enough seal serials available in stock.,,1
intn_fleet_cistern_certificates,Picking,,1
intn_fleet_cistern_certificates,Picking Type,,1
intn_fleet_cistern_certificates,Please add at least one seal.,,1
intn_fleet_cistern_certificates,Product,,2
intn_fleet_cistern_certificates,Product is required.,,1
intn_fleet_cistern_certificates,Ref.,,1
intn_fleet_cistern_certificates,Seal Serial Range,,2
intn_fleet_cistern_certificates,Seal Serial Ranges,,3
intn_fleet_cistern_certificates,Selected serial does not belong to the configured seal product category.,,1
intn_fleet_cistern_certificates,Selected serial is not available in this warehouse.,,1
intn_fleet_cistern_certificates,Serial/Lot,,1
intn_fleet_cistern_certificates,Series Prefix,,1
intn_fleet_cistern_certificates,Stock move line for this seal serial,,1
intn_fleet_cistern_certificates,Stock picking that consumed this seal,,1
intn_fleet_cistern_certificates,This seal serial is already assigned.,,2
intn_fleet_cistern_certificates,This serial range already exists.,,1
intn_fleet_cistern_certificates,To,,1
intn_fleet_cistern_certificates,Unique Lot/Serial Number,,1
intn_fleet_cistern_certificates,Warehouse,,2
intn_fleet_cistern_certificates,Wizard,,1
intn_fleet_cistern_certificates,You can assign at most 4 seals per compartment.,,2
intn_fleet_cistern_certificates,You cannot select the same serial twice.,,1
intn_fleet_cistern_certificates,mm,,3
intn_fleet_cistern_certificates,Active,,4
intn_fleet_cistern_certificates,Archived,,4
intn_fleet_cistern_certificates,Authorized Official,,1
intn_fleet_cistern_certificates,Authorized Officials,,4
intn_fleet_cistern_certificates,Calibration Certificate Code,,2
intn_fleet_cistern_certificates,Calibration Date,,2
intn_fleet_cistern_certificates,Calibration Expiry Date,,2
intn_fleet_cistern_certificates,Calibration expiry date must be on or after calibration date.,,1
intn_fleet_cistern_certificates,Certificate Authorized Official,,1
intn_fleet_cistern_certificates,Computed as total space height minus empty space height.,,1
intn_fleet_cistern_certificates,Each measurement pattern must be selected from the catalog.,,1
intn_fleet_cistern_certificates,Internal reference or code for the pattern.,,1
intn_fleet_cistern_certificates,Manual total space height measured from the inspection opening.,,1
intn_fleet_cistern_certificates,Measurement Pattern Catalog,,1
intn_fleet_cistern_certificates,Name,,1
intn_fleet_cistern_certificates,Notes...,,1
intn_fleet_cistern_certificates,Only an authorized official may emit fleet certificates.,,1
intn_fleet_cistern_certificates,Pattern %(pattern)s is not valid on %(date)s.,,1
intn_fleet_cistern_certificates,Pattern Catalog,,1
intn_fleet_cistern_certificates,Pattern Selection Date,,1
intn_fleet_cistern_certificates,Seal serial numbers must be consecutive without gaps.,,1
intn_fleet_cistern_certificates,Valid From,,2
intn_fleet_cistern_certificates,Valid To,,2
intn_fleet_cistern_certificates,Valid to must be on or after valid from.,,2
intn_fleet_cistern_constancy,", siendo uso único y
                                        exclusivo de esta unidad.",,1
intn_fleet_cistern_constancy,"-
                                        ha devuelto los precintos de retorno conforme a la Nota de Remisión N -",,1
intn_fleet_cistern_constancy,- de Código N° -,,1
intn_fleet_cistern_constancy,- de fecha -,,1
intn_fleet_cistern_constancy,"<span class=""bold"">Asunción, </span>",,1
intn_fleet_cistern_constancy,CONSTANCIA PARA PRECINTADO DE CAMIONES CISTERNA No.,,1
intn_fleet_cistern_constancy,Constancia para precintado de camiones cisterna,,1
intn_fleet_cistern_constancy,El Camión tanque con emblema -,,1
intn_fleet_cistern_extensions,"<span class=""extension-label"">Certificado:</span>",,1
intn_fleet_cistern_extensions,"<span class=""extension-label"">Fecha de Fin:</span>",,1
intn_fleet_cistern_extensions,"<span class=""extension-label"">Fecha de Inicio:</span>",,1
intn_fleet_cistern_extensions,"<span class=""extension-label"">Fecha:</span>",,1
intn_fleet_cistern_extensions,"<span class=""extension-label"">Motivo:</span>",,1
intn_fleet_cistern_extensions,"<span class=""extension-label"">Número de Prórroga:</span>",,1
intn_fleet_cistern_extensions,"<span class=""extension-label"">Placa:</span>",,1
intn_fleet_cistern_extensions,"<span class=""extension-label"">RUC:</span>",,1
intn_fleet_cistern_extensions,"<span class=""extension-label"">Razón Social:</span>",,1
intn_fleet_cistern_extensions,"<span class=""extension-label"">Técnico Responsable:</span>",,1
intn_fleet_cistern_extensions,"<span class=""extension-label"">Vehículo:</span>",,1
intn_fleet_cistern_extensions,ACTA DE PRÓRROGA,,1
intn_fleet_cistern_extensions,Certificate expiration extended to %s by extension %s.,,1
intn_fleet_cistern_extensions,Certificate is required to confirm extension.,,1
intn_fleet_cistern_extensions,Extension %s cancelled. Certificate expiration reverted to %s.,,1
intn_fleet_cistern_extensions,Extension end date must be after current certificate expiration date (%s).,,1
intn_fleet_cistern_extensions,Extension end date must be after start date.,,1
intn_fleet_cistern_extensions,Firma del Técnico,,1
intn_fleet_cistern_extensions,"INSTITUTO NACIONAL DE TECNOLOGÍA, NORMALIZACIÓN Y METROLOGÍA",,1
intn_fleet_cistern_extensions,INTN,,1
intn_fleet_cistern_extensions,Only draft extensions can be confirmed.,,1
intn_fleet_cistern_extensions,Período de Prórroga,,1
intn_fleet_cistern_fines,"<span class=""fine-label"">Certificado:</span>",,1
intn_fleet_cistern_fines,"<span class=""fine-label"">Fecha y Hora:</span>",,1
intn_fleet_cistern_fines,"<span class=""fine-label"">Número de Chasis:</span>",,1
intn_fleet_cistern_fines,"<span class=""fine-label"">Número de Multa:</span>",,1
intn_fleet_cistern_fines,"<span class=""fine-label"">Placa:</span>",,1
intn_fleet_cistern_fines,"<span class=""fine-label"">RUC:</span>",,1
intn_fleet_cistern_fines,"<span class=""fine-label"">Razón Social:</span>",,1
intn_fleet_cistern_fines,"<span class=""fine-label"">Tipo de Multa:</span>",,1
intn_fleet_cistern_fines,"<span class=""fine-label"">Técnico Responsable:</span>",,1
intn_fleet_cistern_fines,"<span class=""fine-label"">Vehículo:</span>",,1
intn_fleet_cistern_fines,ACTA DE MULTA,,1
intn_fleet_cistern_fines,Block %s has been lifted. Vehicle is eligible for inspection again.,,1
intn_fleet_cistern_fines,Cannot reschedule: this vehicle already has an appointment scheduled on the selected date.,,1
intn_fleet_cistern_fines,Datos del Transportista,,1
intn_fleet_cistern_fines,Datos del Vehículo,,1
intn_fleet_cistern_fines,Did not attend the scheduled inspection/review.,,2
intn_fleet_cistern_fines,Fine %s has been paid. Vehicle is eligible for inspection again.,,1
intn_fleet_cistern_fines,Firma del Técnico,,1
intn_fleet_cistern_fines,"INSTITUTO NACIONAL DE TECNOLOGÍA, NORMALIZACIÓN Y METROLOGÍA",,1
intn_fleet_cistern_fines,INTN,,1
intn_fleet_cistern_fines,"Irregular seals: damage, tampering, or not returned.",,1
intn_fleet_cistern_fines,Irregularidades Detectadas,,1
intn_fleet_cistern_fines,Only block-type records can be unblocked.,,1
intn_fleet_cistern_fines,Only confirmed fines can be marked as paid.,,1
intn_fleet_cistern_fines,Only confirmed records can be unblocked.,,1
intn_fleet_cistern_fines,Only draft fines can be confirmed.,,1
intn_fleet_cistern_fines,Only vehicle fines can be marked as paid.,,1
intn_fleet_cistern_fines,Returned seals do not match the remission set.,,1
intn_fleet_cistern_fines,Seal closure irregularity detected.,,1
intn_fleet_cistern_fines,Seal mismatch: Returned seals do not match remission seals.,,1
intn_fleet_cistern_fines,This vehicle has an active block. The block must be lifted before confirming the inspection appointment.,,2
intn_fleet_cistern_fines,This vehicle has an active block. The block must be lifted before rescheduling the inspection.,,1
intn_fleet_cistern_fines,This vehicle has an active block. The block must be lifted before scheduling a new inspection.,,2
intn_fleet_cistern_fines,This vehicle has unpaid fines. Payment is required before confirming the inspection appointment.,,2
intn_fleet_cistern_fines,This vehicle has unpaid fines. Payment is required before rescheduling the inspection.,,1
intn_fleet_cistern_fines,This vehicle has unpaid fines. Payment is required before scheduling a new inspection.,,2
intn_fleet_cistern_scheduling,Active,,1
intn_fleet_cistern_scheduling,All Souls' Day,,1
intn_fleet_cistern_scheduling,All-day event generated from INTN public holidays; visible broadly per security rules.,,1
intn_fleet_cistern_scheduling,Can see calendar events linked to service.request (fleet scheduling).,,1
intn_fleet_cistern_scheduling,Cannot schedule on holidays.,,1
intn_fleet_cistern_scheduling,Cannot schedule on weekends.,,1
intn_fleet_cistern_scheduling,Christmas Day,,1
intn_fleet_cistern_scheduling,Created by,,1
intn_fleet_cistern_scheduling,Created on,,1
intn_fleet_cistern_scheduling,Date,,1
intn_fleet_cistern_scheduling,Description,,1
intn_fleet_cistern_scheduling,Display Name,,1
intn_fleet_cistern_scheduling,Foundation of Asuncion,,1
intn_fleet_cistern_scheduling,Good Friday,,1
intn_fleet_cistern_scheduling,Heroes' Day,,1
intn_fleet_cistern_scheduling,ID,,1
intn_fleet_cistern_scheduling,INTN Calendar: Fleet service appointments,,1
intn_fleet_cistern_scheduling,INTN Holiday,,1
intn_fleet_cistern_scheduling,INTN Public Holiday,,1
intn_fleet_cistern_scheduling,Independence Day,,1
intn_fleet_cistern_scheduling,Labor Day,,1
intn_fleet_cistern_scheduling,Last Updated by,,1
intn_fleet_cistern_scheduling,Last Updated on,,1
intn_fleet_cistern_scheduling,Maundy Thursday,,1
intn_fleet_cistern_scheduling,Missing appointment date.,,1
intn_fleet_cistern_scheduling,New Year's Day,,1
intn_fleet_cistern_scheduling,Peace of the Chaco,,1
intn_fleet_cistern_scheduling,Public Holiday,,1
intn_fleet_cistern_scheduling,Public Holiday Event,,1
intn_fleet_cistern_scheduling,Public Holidays,,2
intn_fleet_cistern_scheduling,There is already a holiday on %(date)s.,,1
intn_fleet_cistern_scheduling,Victory of Boqueron,,1
intn_fleet_cistern_scheduling,Virgin of Caacupe,,1
intn_fleet_cistern_scheduling,You are not allowed to access this calendar event.,,1
intn_fleet_cistern_seals,"<br/>
                                                <br/>
                                                <br/>
                                                Firma Encargado INTN",,1
intn_fleet_cistern_seals,"<br/>
                                                <br/>
                                                <br/>
                                                Firma Precintador INTN",,1
intn_fleet_cistern_seals,"<br/>
                                        <span class=""bold"">
                                            Precintos aplicados al camión cisterna:
                                        </span>",,1
intn_fleet_cistern_seals,"<span class=""bold"">
                                            CONFORMIDAD DEL OPERADOR RECEPTOR DEL COMBUSTIBLE POR CADA COMPARTIMIENTO
                                        </span>",,1
intn_fleet_cistern_seals,"<span class=""bold"">Observación: </span>",,1
intn_fleet_cistern_seals,A seal lot cannot be used more than once.,,1
intn_fleet_cistern_seals,Aclaración:,,1
intn_fleet_cistern_seals,Add one line per seal from the remission.,,1
intn_fleet_cistern_seals,Cannot cancel return: Transfer must be cancelled or validated first.,,1
intn_fleet_cistern_seals,Cannot confirm return: a fine record is required when there are irregular seals.,,1
intn_fleet_cistern_seals,Cannot create remission: vehicle does not have a valid certificate.,,1
intn_fleet_cistern_seals,Cantidad,,1
intn_fleet_cistern_seals,Cantidad:,,1
intn_fleet_cistern_seals,Closure,,1
intn_fleet_cistern_seals,Color,,1
intn_fleet_cistern_seals,Compartment %d is already assigned in this remission.,,1
intn_fleet_cistern_seals,Compartment number must be greater than 0,,1
intn_fleet_cistern_seals,Código camión cisterna,,1
intn_fleet_cistern_seals,Date From,,1
intn_fleet_cistern_seals,Date To,,1
intn_fleet_cistern_seals,Datos proporcionados por el transportista:,,1
intn_fleet_cistern_seals,Driver ID lookup service is not configured in this environment.,,1
intn_fleet_cistern_seals,Emblema de camión:,,1
intn_fleet_cistern_seals,End date must be greater than or equal to start date.,,1
intn_fleet_cistern_seals,Estación de Servicio destinado a la carga:,,1
intn_fleet_cistern_seals,Export Excel,,1
intn_fleet_cistern_seals,Fecha:,,1
intn_fleet_cistern_seals,From,,1
intn_fleet_cistern_seals,Incident type can only be set on irregular seal lines.,,1
intn_fleet_cistern_seals,Incident type can only be set when the closure result is irregular.,,1
intn_fleet_cistern_seals,Incident type is required for irregular seal lines.,,1
intn_fleet_cistern_seals,Irregular,,1
intn_fleet_cistern_seals,Irregular seal follow-up (DJUR),,1
intn_fleet_cistern_seals,Irregular seals require the Fines module to register the fine (install INTN Fleet Cistern Fines).,,1
intn_fleet_cistern_seals,Location,,2
intn_fleet_cistern_seals,Lot,,1
intn_fleet_cistern_seals,Lugar de Precintado:,,1
intn_fleet_cistern_seals,Measurement record vehicle must match the remission vehicle.,,1
intn_fleet_cistern_seals,Missing seals: %s,,1
intn_fleet_cistern_seals,No customer stock location found.,,1
intn_fleet_cistern_seals,No internal picking type found.,,1
intn_fleet_cistern_seals,No records found for the selected criteria.,,1
intn_fleet_cistern_seals,Number,,2
intn_fleet_cistern_seals,ONM-UMLE-F24/1A,,1
intn_fleet_cistern_seals,Observación:,,1
intn_fleet_cistern_seals,Only available seal lots can be assigned. Invalid lots: %s,,1
intn_fleet_cistern_seals,Only draft returns can be confirmed.,,1
intn_fleet_cistern_seals,"PROGRAMA PRECINTADO DE CAMIONES CISTERNA <br/>
                                                Nota de Remisión de Precintos",,1
intn_fleet_cistern_seals,Partner,,2
intn_fleet_cistern_seals,Print PDF,,1
intn_fleet_cistern_seals,Product with code 'PRECINTO' not found.,,1
intn_fleet_cistern_seals,Producto:,,1
intn_fleet_cistern_seals,Record Count,,1
intn_fleet_cistern_seals,Remisión de Precintos,,1
intn_fleet_cistern_seals,Report Type,,1
intn_fleet_cistern_seals,Reports,,1
intn_fleet_cistern_seals,Review seal return %s for irregular seals.,,1
intn_fleet_cistern_seals,Seal %s is not in customer location (expected after remission).,,1
intn_fleet_cistern_seals,Seal %s is not part of remission %s.,,1
intn_fleet_cistern_seals,Seal Lot,,1
intn_fleet_cistern_seals,Seal Remission Count,,1
intn_fleet_cistern_seals,Seal Remissions List,,2
intn_fleet_cistern_seals,Seal Report Wizard,,1
intn_fleet_cistern_seals,Seal Reports,,2
intn_fleet_cistern_seals,Seal Reports Wizard,,1
intn_fleet_cistern_seals,Seal Return Count,,1
intn_fleet_cistern_seals,Seal Returns List,,2
intn_fleet_cistern_seals,Seal Status,,2
intn_fleet_cistern_seals,Seal Status List,,1
intn_fleet_cistern_seals,Seal location is required to confirm a seal remission.,,1
intn_fleet_cistern_seals,Seal location must have a stock location configured.,,1
intn_fleet_cistern_seals,Seal lot must belong to a product with code 'PRECINTO',,1
intn_fleet_cistern_seals,Seal lot must belong to the configured seal product,,1
intn_fleet_cistern_seals,Seal lot product must match remission product,,1
intn_fleet_cistern_seals,Seal serial numbers must be consecutive without gaps.,,1
intn_fleet_cistern_seals,"Seal set must match the remission exactly.
%s",,1
intn_fleet_cistern_seals,Seal state can only be set on security seal product lots.,,1
intn_fleet_cistern_seals,Seals not in remission: %s,,1
intn_fleet_cistern_seals,Service request vehicle must match the remission vehicle.,,1
intn_fleet_cistern_seals,The remission has no seal lots to close.,,1
intn_fleet_cistern_seals,Vehicle is required to confirm a seal remission.,,1
intn_fleet_cistern_seals,You must register exactly one line per seal from the remission (%d expected).,,1
intn_fleet_cistern_seals,to,,1
intn_fleet_cistern_verification,%s days,,1
intn_fleet_cistern_verification,'Prueba Hidrostatica - %s' % (object.name),,1
intn_fleet_cistern_verification,'Verificación Visual - %s' % (object.name),,1
intn_fleet_cistern_verification,1Z,,1
intn_fleet_cistern_verification,2Z,,1
intn_fleet_cistern_verification,3Z,,1
intn_fleet_cistern_verification,"<b>Las alturas espacio lleno, espacio vacío y espacio total son referenciados a la boca de inspección sin la tapa. La capacidad
                            nominal es indicada por el dispositivo de Referencia. Exclusivo para Transporte de: Combustibles Derivados de Petróleo.</b>
                            <br/>
                            Debiendo el tanque ser verificado en caso de reforma o modificación de chasis",,1
intn_fleet_cistern_verification,"<b>Nota: Los precintos de metal plomo colocados en las bocas de hombre, podrán ser retirados únicamente en el INT, el incumplimiento de esto será considerado como falta posible de sanción.</b>",,1
intn_fleet_cistern_verification,"<br/>
                                        <strong>Ciudad:</strong>",,1
intn_fleet_cistern_verification,"<br/>
                                        <strong>Expediente:</strong>",,1
intn_fleet_cistern_verification,"<br/>
                                        <strong>RUC:</strong>",,1
intn_fleet_cistern_verification,"<br/>
                                        <strong>Solicitante:</strong>",,1
intn_fleet_cistern_verification,"<br/>
                                        <strong>Solicitud:</strong>",,1
intn_fleet_cistern_verification,"<br/>
                                        <strong>Técnico Responsable</strong>",,1
intn_fleet_cistern_verification,"<br/>
                                        <strong>Vehículo:</strong>",,1
intn_fleet_cistern_verification,"<br/>
                                    <strong>Firma del técnico</strong>",,1
intn_fleet_cistern_verification,"<br/>
                                <strong>Emblema:</strong>",,1
intn_fleet_cistern_verification,"<strong style=""font-size: 16px;"">Notas:</strong><br/>
                                1. Requisitos de Identificación exigidos por la legislación de tránsito, no están cubiertos por este informe.<br/>
                                2. En caso de accidentes, golpes o averías este Informe de Verificación pierde su validez.<br/>
                                3. Este Informe de Verificación no exime al fabricante/propietario de sus responsabilidades en cuanto a daños a terceros...",,1
intn_fleet_cistern_verification,<strong>Año Fab. Remolque:</strong>,,1
intn_fleet_cistern_verification,<strong>Año:</strong>,,1
intn_fleet_cistern_verification,<strong>Capacidad:</strong>,,1
intn_fleet_cistern_verification,<strong>Chapa N°:</strong>,,1
intn_fleet_cistern_verification,<strong>Chapa Remolque:</strong>,,1
intn_fleet_cistern_verification,<strong>Chasis N°:</strong>,,1
intn_fleet_cistern_verification,<strong>Chasis Remolque:</strong>,,1
intn_fleet_cistern_verification,<strong>Ciudad:</strong>,,1
intn_fleet_cistern_verification,<strong>Compartimientos:</strong>,,1
intn_fleet_cistern_verification,<strong>Compañía/Emblema:</strong>,,1
intn_fleet_cistern_verification,<strong>Código N°:</strong>,,1
intn_fleet_cistern_verification,<strong>Códigos de producto ONU:</strong>,,1
intn_fleet_cistern_verification,<strong>DETALLES DE LA PRUEBA TÉCNICA</strong>,,1
intn_fleet_cistern_verification,<strong>Departamento:</strong>,,1
intn_fleet_cistern_verification,<strong>Dirección:</strong>,,2
intn_fleet_cistern_verification,<strong>Duración (horas):</strong>,,1
intn_fleet_cistern_verification,<strong>Ensayo hidrostático:</strong>,,1
intn_fleet_cistern_verification,<strong>Expediente N°:</strong>,,1
intn_fleet_cistern_verification,<strong>Fecha Emisión:</strong>,,1
intn_fleet_cistern_verification,<strong>Fecha Vencimiento:</strong>,,1
intn_fleet_cistern_verification,<strong>Fecha Verificación:</strong>,,1
intn_fleet_cistern_verification,<strong>Fecha de inspección:</strong>,,1
intn_fleet_cistern_verification,<strong>Grupo de productos:</strong>,,1
intn_fleet_cistern_verification,<strong>Marca Remolque:</strong>,,1
intn_fleet_cistern_verification,<strong>Marca:</strong>,,1
intn_fleet_cistern_verification,<strong>Nombre o Razón Social:</strong>,,1
intn_fleet_cistern_verification,<strong>N° Manómetros:</strong>,,1
intn_fleet_cistern_verification,<strong>Presión Proyecto (kPa):</strong>,,1
intn_fleet_cistern_verification,<strong>Presión de prueba:</strong>,,1
intn_fleet_cistern_verification,<strong>Prueba de fugas:</strong>,,1
intn_fleet_cistern_verification,<strong>Resultado:</strong>,,1
intn_fleet_cistern_verification,<strong>Resultado:</strong> <br/>,,1
intn_fleet_cistern_verification,<strong>Validez del Informe: 12 Meses</strong>,,1
intn_fleet_cistern_verification,<strong>Verificado con Válvula Interna:</strong>,,1
intn_fleet_cistern_verification,<strong>Verificado con Válvulas Internas:</strong>,,1
intn_fleet_cistern_verification,Above 10% LIE,,2
intn_fleet_cistern_verification,Aggregated cistern tank inspection certificate (LIE),,1
intn_fleet_cistern_verification,Altura espacio lleno (mm),,2
intn_fleet_cistern_verification,Altura espacio total (mm),,2
intn_fleet_cistern_verification,Altura espacio vacío (mm),,2
intn_fleet_cistern_verification,Applicant State,,5
intn_fleet_cistern_verification,At least one confirmed tank inspection is required.,,1
intn_fleet_cistern_verification,Año,,2
intn_fleet_cistern_verification,Below 10% LIE,,2
intn_fleet_cistern_verification,C1,,1
intn_fleet_cistern_verification,C2,,1
intn_fleet_cistern_verification,C3,,1
intn_fleet_cistern_verification,C4,,1
intn_fleet_cistern_verification,CERTIFICADO DE INSPECCIÓN,,1
intn_fleet_cistern_verification,CERTIFICADO DE VERIFICACIÓN DE CAMIÓN TANQUE VCC N°,,1
intn_fleet_cistern_verification,COMPARTIMIENTOS (Numerados a partir de la cabina),,1
intn_fleet_cistern_verification,Campo Obligatorio,,1
intn_fleet_cistern_verification,Cannot confirm: inspection %(name)s is already used on another certificate.,,1
intn_fleet_cistern_verification,Capacidad,,2
intn_fleet_cistern_verification,Capacidad y dimensiones,,2
intn_fleet_cistern_verification,Certificado de Registro de Medición,,1
intn_fleet_cistern_verification,Chapa de Remolque,,2
intn_fleet_cistern_verification,Ciudad:,,2
intn_fleet_cistern_verification,Compartimientos,,1
intn_fleet_cistern_verification,Compartment %s,,1
intn_fleet_cistern_verification,Compañía,,2
intn_fleet_cistern_verification,Confirm the tank inspection before confirming the measurement record.,,1
intn_fleet_cistern_verification,Constancia de verificación visual y documental N°,,1
intn_fleet_cistern_verification,Departamento:,,2
intn_fleet_cistern_verification,Dimensiones del Tanque,,1
intn_fleet_cistern_verification,Dimensiones del Tanque (mm),,1
intn_fleet_cistern_verification,Dimensión (pulg.),,2
intn_fleet_cistern_verification,Dirección,,4
intn_fleet_cistern_verification,Duration,,1
intn_fleet_cistern_verification,"El campo ""Certificado de Prueba Hidrostática"" no puede estar vacío.",,1
intn_fleet_cistern_verification,"El campo ""Presión de Prueba (kPa)"" no puede estar vacío.",,1
intn_fleet_cistern_verification,"El campo ""Razón de Imposibilidad"" es obligatorio cuando el resultado es ""Imposibilidad"".",,1
intn_fleet_cistern_verification,"El campo ""Resultado"" no puede estar vacío.",,1
intn_fleet_cistern_verification,"El campo ""Tiempo de Duración"" no puede estar vacío.",,1
intn_fleet_cistern_verification,Entrada N°,,4
intn_fleet_cistern_verification,Expedients,,1
intn_fleet_cistern_verification,Fecha de Emisión,,1
intn_fleet_cistern_verification,Fecha de Vencimiento,,2
intn_fleet_cistern_verification,Fecha de Verificación,,2
intn_fleet_cistern_verification,Hydrostatic certificate type not found.,,1
intn_fleet_cistern_verification,Hydrostatic test certificate is missing.,,1
intn_fleet_cistern_verification,INFORME DE PRUEBA HIDROSTATICA - ESTANQUEIDAD,,1
intn_fleet_cistern_verification,Impossibility reason is required when result is 'Impossibility'.,,1
intn_fleet_cistern_verification,Informe de Prueba Hidrostatica-Estanqueidad,,1
intn_fleet_cistern_verification,Inspection %(name)s is already linked to certificate %(cert)s.,,1
intn_fleet_cistern_verification,LIE,,1
intn_fleet_cistern_verification,"Lts.<br/>
                                <strong>Compartimientos:</strong>",,1
intn_fleet_cistern_verification,Marca del Vehículo,,2
intn_fleet_cistern_verification,Marca del tanque,,2
intn_fleet_cistern_verification,Measurement record is required when certificate change is requested.,,1
intn_fleet_cistern_verification,Measurement record must not be cancelled to confirm visual verification.,,1
intn_fleet_cistern_verification,Medidas internas,,2
intn_fleet_cistern_verification,Neumáticos,,2
intn_fleet_cistern_verification,Nombre o Razón Social,,2
intn_fleet_cistern_verification,N° de Compartimientos,,2
intn_fleet_cistern_verification,Número de Chapa,,2
intn_fleet_cistern_verification,Número de Chasis,,2
intn_fleet_cistern_verification,Número de Código,,2
intn_fleet_cistern_verification,ORGANISMO NACIONAL DE METROLOGIA,,1
intn_fleet_cistern_verification,Only confirmed measurement records can be cancelled.,,1
intn_fleet_cistern_verification,Only confirmed tank inspections can be added to a certificate. Inspection %(name)s is not confirmed.,,1
intn_fleet_cistern_verification,Only draft hydrostatic tests can be confirmed.,,1
intn_fleet_cistern_verification,Only draft measurement records can be confirmed.,,1
intn_fleet_cistern_verification,Organismo Nacional de Metrología (ONM),,1
intn_fleet_cistern_verification,Please select an inspection result before creating the certificate.,,1
intn_fleet_cistern_verification,Precintos Permanentes en compartimientos,,1
intn_fleet_cistern_verification,Presión (psi),,2
intn_fleet_cistern_verification,QR,,1
intn_fleet_cistern_verification,REFERENCIA DE TOMA DE MEDIDA DEL CAMION TANQUE,,1
intn_fleet_cistern_verification,REGISTRO DE MEDICIÓN,,1
intn_fleet_cistern_verification,RUC,,2
intn_fleet_cistern_verification,Ref,,2
intn_fleet_cistern_verification,Registro de Medición,,1
intn_fleet_cistern_verification,Seal Remission,,1
intn_fleet_cistern_verification,Tank inspection certificate type is not configured.,,1
intn_fleet_cistern_verification,Tank inspection certificates cannot be deleted; cancel them instead.,,1
intn_fleet_cistern_verification,Tank inspection records cannot be deleted; cancel them instead.,,1
intn_fleet_cistern_verification,Tank inspection requires a confirmed visual verification.,,1
intn_fleet_cistern_verification,UNIDAD DE METROLOGIA LEGAL - UMLE,,1
intn_fleet_cistern_verification,Vehicle is required to create certificate.,,2
intn_fleet_cistern_verification,Verificación Visual de Camiones,,1
intn_fleet_cistern_verification,Verification certificate type not found.,,1
intn_fleet_cistern_verification,Visual Verification Result,,1
intn_fleet_cistern_verification,X,,1
intn_fleet_cistern_verification,"_________________________<br/>
                                    Jefe de Departamento",,2
intn_fleet_cistern_verification,"_________________________<br/>
                                    TÉCNICO RESPONSABLE",,1
intn_fleet_cistern_verification,"_________________________<br/>
                                    Técnico DVIR",,1
intn_fleet_cistern_verification,mm,,3
intn_fleet_cistern_verification,%(label)s: %(old)s -> %(new)s,,1
intn_fleet_cistern_verification,'Rechazo Verificación Visual - %s' % (object.name),,1
intn_fleet_cistern_verification,"<span class=""bold"">
                                                    FOR-N-04 /
                                                </span>
                                                Versión: 01/ Vigencia: 18-07-2019",,1
intn_fleet_cistern_verification,"<span class=""o_stat_text"">Create Inspection Certificate</span>",,1
intn_fleet_cistern_verification,<span>*LIE (Límite Inferior de Explosividad)</span>,,1
intn_fleet_cistern_verification,<strong>Chasis:</strong>,,1
intn_fleet_cistern_verification,<strong>Motivo de imposibilidad:</strong>,,1
intn_fleet_cistern_verification,<strong>Motivo de rechazo:</strong>,,1
intn_fleet_cistern_verification,<strong>RUC:</strong>,,1
intn_fleet_cistern_verification,<strong>Solicitante:</strong>,,1
intn_fleet_cistern_verification,<strong>Solicitud:</strong>,,1
intn_fleet_cistern_verification,<strong>Vehículo:</strong>,,1
intn_fleet_cistern_verification,ALCANCE,,1
intn_fleet_cistern_verification,Access Token,,1
intn_fleet_cistern_verification,All verification items must be checked.,,1
intn_fleet_cistern_verification,Apply Document Correction,,1
intn_fleet_cistern_verification,Assign Seals,,1
intn_fleet_cistern_verification,"CONSTE que el camión cisterna para transporte de combustibleslíquidos, se encuentra en condiciones libre de vapores, cumpliendo con el
                                                    Reglamento Técnico Metrológico ONM-RTM-05.",,1
intn_fleet_cistern_verification,CUMPLE,,1
intn_fleet_cistern_verification,Cannot approve the inspection when items do not comply.,,1
intn_fleet_cistern_verification,Carrier company address,,1
intn_fleet_cistern_verification,Carrier company name,,1
intn_fleet_cistern_verification,Carrier company phone,,1
intn_fleet_cistern_verification,Carrier truck code,,1
intn_fleet_cistern_verification,Certificate Change,,1
intn_fleet_cistern_verification,Certificate Management,,1
intn_fleet_cistern_verification,Compart. Inspeccionados,,2
intn_fleet_cistern_verification,Confirm Rejection,,1
intn_fleet_cistern_verification,Could not generate the certificate PDF for %s.,,1
intn_fleet_cistern_verification,Código,,2
intn_fleet_cistern_verification,DATOS DE INSPECCIÓN,,1
intn_fleet_cistern_verification,DATOS DEL CLIENTE,,2
intn_fleet_cistern_verification,DNIS N°,,1
intn_fleet_cistern_verification,Documental Verification,,1
intn_fleet_cistern_verification,Documental: Chassis number,,1
intn_fleet_cistern_verification,Documental: License plate,,1
intn_fleet_cistern_verification,Emblem identification,,1
intn_fleet_cistern_verification,Emblema,,2
intn_fleet_cistern_verification,Enter the rejection reason...,,1
intn_fleet_cistern_verification,FOR-N-03,,1
intn_fleet_cistern_verification,Fecha de Inspección,,2
intn_fleet_cistern_verification,Fecha:,,1
intn_fleet_cistern_verification,Folio N°,,1
intn_fleet_cistern_verification,IDENTIFICACIÓN DE LOS ÍTEMS,,1
intn_fleet_cistern_verification,INSPECCIÓN DE TANQUE CISTERNA (Desgasificación),,1
intn_fleet_cistern_verification,Impossibility reason is required.,,1
intn_fleet_cistern_verification,"Informe de rechazo - Verificación visual
                            N°",,1
intn_fleet_cistern_verification,Inspección de tanque cisterna,,1
intn_fleet_cistern_verification,Inspection Checklist,,1
intn_fleet_cistern_verification,Inspection Line,,1
intn_fleet_cistern_verification,Inspection Line Reject Wizard,,1
intn_fleet_cistern_verification,Inspection result is required.,,1
intn_fleet_cistern_verification,Internal valve condition,,1
intn_fleet_cistern_verification,JEFE/A DE DEPARTAMENTO,,2
intn_fleet_cistern_verification,Mandatory inscriptions verification,,1
intn_fleet_cistern_verification,Matrícula/Camión,,2
intn_fleet_cistern_verification,Matrícula/Cisterna,,2
intn_fleet_cistern_verification,"Minor document correction applied:
%s",,1
intn_fleet_cistern_verification,MÉTODOS DE INSPECCIÓN,,1
intn_fleet_cistern_verification,NO CUMPLE,,1
intn_fleet_cistern_verification,ONI N°,,1
intn_fleet_cistern_verification,ONM Section,,2
intn_fleet_cistern_verification,ONM-RTM-05 Reglamento Técnico Metrológico,,1
intn_fleet_cistern_verification,Observaciones de incumplimiento,,1
intn_fleet_cistern_verification,Observación,,1
intn_fleet_cistern_verification,Observation is required when an item does not comply.,,1
intn_fleet_cistern_verification,Organismo Nacional de Inspección (ONI),,1
intn_fleet_cistern_verification,PRO-N-05 Inspección de tanque cisterna,,1
intn_fleet_cistern_verification,RESULTADOS DE LA INSPECCIÓN,,1
intn_fleet_cistern_verification,Registro de Inspección,,1
intn_fleet_cistern_verification,Registro de Inspección N°,,1
intn_fleet_cistern_verification,Reject Item,,2
intn_fleet_cistern_verification,Rejection PDF,,1
intn_fleet_cistern_verification,Rejection reason is required.,,2
intn_fleet_cistern_verification,Rejection requires at least one item marked as non-compliant.,,1
intn_fleet_cistern_verification,Seal state verification,,1
intn_fleet_cistern_verification,Sin observaciones por ítem registradas.,,1
intn_fleet_cistern_verification,Solicitante,,2
intn_fleet_cistern_verification,Tank and Tire Dimensions,,1
intn_fleet_cistern_verification,Tank condition (external),,1
intn_fleet_cistern_verification,Tank condition (internal),,1
intn_fleet_cistern_verification,Tank inspection must be confirmed first.,,1
intn_fleet_cistern_verification,Tire condition,,1
intn_fleet_cistern_verification,Truck Data,,1
intn_fleet_cistern_verification,Truck Identification Verification,,1
intn_fleet_cistern_verification,Truck State Verification,,1
intn_fleet_cistern_verification,TÉCNICO DE INSPECCIÓN,,2
intn_fleet_cistern_verification,Use action_confirm() for non-approved results.,,1
intn_fleet_cistern_verification,Vehicle is required to start visual verification.,,1
intn_fleet_cistern_verification,Verification Checklist,,1
intn_fleet_cistern_verification,Verification Items,,1
intn_fleet_cistern_verification,Verify chassis on documentation matches the vehicle record.,,1
intn_fleet_cistern_verification,Verify license plate on documentation matches the vehicle record.,,1
intn_fleet_cistern_verification,Verify mandatory tank inscriptions are present and legible.,,1
intn_fleet_cistern_verification,Verify seal condition and integrity visually.,,1
intn_fleet_cistern_verification,Versión,,1
intn_fleet_cistern_verification,Vigencia,,1
intn_fleet_cistern_verification,Visual Verification Rejection - %s,,1
intn_fleet_cistern_verification,Visual Verification Rejection Report,,1
intn_fleet_cistern_verification,Visual verification rejected. Reason: %s,,1
intn_fleet_cistern_verification,Visual verification rejection report generated.,,1
intn_fleet_cistern_verification,Visual verification was rejected. The rejection report is available for download.,,1
intn_fleet_cistern_verification,Ítem,,1
intn_fleet_cistern_verification,*LIE (Lower Explosive Limit),,0
intn_fleet_cistern_verification,Capacidad (litros),,0
intn_fleet_cistern_verification,DEPARTMENT HEAD,,0
intn_fleet_cistern_verification,INSPECTION TECHNICIAN,,0
intn_fleet_cistern_verification,Item,,0
intn_fleet_cistern_verification,Linked Tank Inspections (DINS),,0
intn_fleet_cistern_verification,REGISTRO DE INSPECCIÓN,,0
intn_fleet_cistern_verification,RESPONSIBLE TECHNICIAN,,0
intn_fleet_cistern_verification,Tank dimensions,,0
intn_fleet_cistern_verification,Truck / trailer,,0
intn_fleet_cisterns,'Requisitos Calibración %s' % (object.name or object.id),,1
intn_fleet_cisterns,'Solicitud Verificación %s' % (object.name or object.id),,1
intn_fleet_cisterns,"2 (DOS) extintores de 10kg de capacidad, la marca del extintor debe contar con el sello de habilitación del INTN donde consta la fecha y el año de vencimiento del mismo.",,1
intn_fleet_cisterns,"<br/>
                                <strong>N° Solicitud:</strong>",,1
intn_fleet_cisterns,"<br/>
                                <strong>Vehículo:</strong>",,1
intn_fleet_cisterns,<strong>Camión:</strong>,,1
intn_fleet_cisterns,<strong>Dirección:</strong>,,1
intn_fleet_cisterns,<strong>Fecha de Agendamiento:</strong>,,1
intn_fleet_cisterns,<strong>Fecha de Solicitud:</strong>,,1
intn_fleet_cisterns,<strong>Importante:</strong> El incumplimiento de cualquiera de estos requisitos impedirá la realización de la calibración.,,1
intn_fleet_cisterns,<strong>Nombre y Apellido / Razón Social:</strong>,,1
intn_fleet_cisterns,<strong>N° Solicitud:</strong>,,1
intn_fleet_cisterns,<strong>Plazo de Pago:</strong>,,1
intn_fleet_cisterns,<strong>RUC:</strong>,,1
intn_fleet_cisterns,<strong>Solicitante:</strong>,,1
intn_fleet_cisterns,<strong>Teléfono:</strong>,,1
intn_fleet_cisterns,Activos,,1
intn_fleet_cisterns,Archivados,,1
intn_fleet_cisterns,"Av. Gral. José Gervasio Artigas 3973, Asunción",,1
intn_fleet_cisterns,Chassis (VIN),,1
intn_fleet_cisterns,Cistern,,1
intn_fleet_cisterns,Current driver,,1
intn_fleet_cisterns,Debe contar con 2 (DOS) baldes de arena en ambos costados del Tanque.,,1
intn_fleet_cisterns,"Debe poseer las señalizaciones del Código ONU del Producto, Código de Peligrosidad tanto el Camión Tractor como el Tanque y el Acoplado Tanque.",,1
intn_fleet_cisterns,Documentation,,1
intn_fleet_cisterns,Documento generado por INTN - Sistema de Gestión,,1
intn_fleet_cisterns,El Camión Tanque debe estar desgasificado para el día de su calibración.,,1
intn_fleet_cisterns,El Camión debe poseer una corta corriente a la vista y de rápido acceso.,,1
intn_fleet_cisterns,El Camión debe tener la válvula rápida (a cabo).,,1
intn_fleet_cisterns,El Camión y el Tanque deben estar pintados en toda su estructura con los colores del Emblema y el número de Código.,,1
intn_fleet_cisterns,El Tanque no debe poseer ningún tipo de abolladura.,,1
intn_fleet_cisterns,El auxilio debe estar en buenas condiciones.,,1
intn_fleet_cisterns,"El mata chispas, tiro de remolque, balde, pala, balde de arena deben estar en impecable estado de conservación.",,1
intn_fleet_cisterns,"Enviar Solicitud de Calibración vía Fax o Mesa de Entrada en el INTN antes de presentarse el Camión para su Calibración, con detalles del Camión tal como Transportista, Dirección del Transportista, Nº de Código, Capacidad Total y Nº de Compartimientos.",,1
intn_fleet_cisterns,Failed to load trailer,,1
intn_fleet_cisterns,"INSTITUTO NACIONAL DE TECNOLOGÍA,",,1
intn_fleet_cisterns,INTN - Unidad de Metrología Legal | www.intn.gov.py,,1
intn_fleet_cisterns,"Instituto Nacional de Tecnología, Normalización y Metrología",,1
intn_fleet_cisterns,Las Cubiertas deben estar en perfectas condiciones (entiéndase por las dimensiones y presiones de las mismas).,,1
intn_fleet_cisterns,License Plate,,1
intn_fleet_cisterns,Model,,1
intn_fleet_cisterns,NORMALIZACIÓN Y METROLOGÍA,,1
intn_fleet_cisterns,Name,,1
intn_fleet_cisterns,Next:,,1
intn_fleet_cisterns,ORGANISMO NACIONAL DE METROLOGÍA,,1
intn_fleet_cisterns,Owner:,,1
intn_fleet_cisterns,"Pintado por la puerta del Camión: Nombre del Transportista, Dirección exacta del mismo, Ciudad o Distrito, Dpto. al cual pertenece la Ciudad o Distrito y Nº de teléfono. Ejemplo:",,1
intn_fleet_cisterns,"Presentar Certificado de Calibración Anterior y la Nota de Remisión con sus respectivos precintos, en caso de ser un camión ya habilitado por el INTN.",,1
intn_fleet_cisterns,"Presentar Fotocopia de Cédula Verde, Carnet e Inspección Técnica y Carnet de carga Peligrosa del Conductor (Ambos otorgados por la DINATRAN).",,1
intn_fleet_cisterns,REQUISITOS PARA LA CALIBRACIÓN,,1
intn_fleet_cisterns,Require capacity,,1
intn_fleet_cisterns,Require empty space height,,1
intn_fleet_cisterns,Require full space height,,1
intn_fleet_cisterns,Require height,,1
intn_fleet_cisterns,Require internal measures,,1
intn_fleet_cisterns,Require length,,1
intn_fleet_cisterns,Require total space height,,1
intn_fleet_cisterns,Require width,,1
intn_fleet_cisterns,Requisitos para Calibración,,1
intn_fleet_cisterns,Settings,,2
intn_fleet_cisterns,Show capacity,,1
intn_fleet_cisterns,Show empty space height,,1
intn_fleet_cisterns,Show full space height,,1
intn_fleet_cisterns,Show height,,1
intn_fleet_cisterns,Show internal measures,,1
intn_fleet_cisterns,Show length,,1
intn_fleet_cisterns,Show total space height,,1
intn_fleet_cisterns,Show width,,1
intn_fleet_cisterns,Solicitud de Verificación de Camiones,,2
intn_fleet_cisterns,Superficie arenada en buenas condiciones.,,1
intn_fleet_cisterns,"TRANSPORTISTA INTN<br/>
                                            AVDA. GRAL. ARTIGAS Y GRAL. ROA<br/>
                                            ASUNCIÓN, DPTO. CENTRAL<br/>
                                            TELÉFONO: (595 21) 288 6000",,1
intn_fleet_cisterns,Todos (activos + archivados),,1
intn_fleet_cisterns,Trailer:,,1
intn_fleet_cisterns,Unidad de Metrología Legal,,1
intn_fleet_cisterns,Allow portal users to register tank trucks.,,1
intn_fleet_cisterns,Cistern Technician,,1
intn_fleet_cisterns,Control which compartment columns appear on certificates and whether each column is mandatory.,,1
intn_fleet_cisterns,Create your first tank truck,,1
intn_fleet_cisterns,Optional prefix for auto-generated tank truck plates.,,1
intn_fleet_cisterns,Tank trucks are registered by partners for fuel and liquid transport.,,1
intn_fleet_cisterns,Technicians see only their own fleet appointments and operational history.,,1
intn_fleet_cisterns,Trailers are non-motorized vehicles used as attachments to tank trucks.,,1
intn_fleet_cisterns,"When enabled, company_partner_id is required when creating tank trucks.",,1
intn_fleet_cisterns,Cistern Management,,0
intn_fleet_cisterns,Cistern Vehicles,,0
intn_fleet_cisterns,Cistern vehicles are tank trucks registered by partners for fuel/liquid transport.,,0
intn_fleet_cisterns,Create your first cistern vehicle,,0
intn_fleet_cisterns,Length / width / height,,0
intn_fleet_cisterns,My Company Cisterns,,0
intn_fleet_cisterns,Require Company Owner on Cisterns,,0
intn_fleet_cisterns,Show/require the capacity column.,,0
intn_fleet_cisterns,Show/require the empty space height column.,,0
intn_fleet_cisterns,Show/require the external measures columns.,,0
intn_fleet_cisterns,Show/require the full space height column.,,0
intn_fleet_cisterns,Show/require the internal measures column.,,0
intn_fleet_cisterns,Show/require the total space height column.,,0
intn_fleet_cisterns,Trailers are non-motorized vehicles used as attachments to cistern trucks.,,0
intn_fleet_seal_ranges,'Seal_Issuance_%s' % (object.name or ''),,1
intn_fleet_seal_ranges,<strong>Online verification</strong>,,1
intn_fleet_seal_ranges,Action Needed,,3
intn_fleet_seal_ranges,Active,,1
intn_fleet_seal_ranges,Activities,,3
intn_fleet_seal_ranges,Activity Exception Decoration,,3
intn_fleet_seal_ranges,Activity State,,3
intn_fleet_seal_ranges,Activity Type Icon,,3
intn_fleet_seal_ranges,Add at least one delivered seal number.,,1
intn_fleet_seal_ranges,Attachment Count,,3
intn_fleet_seal_ranges,Audit summary of expected vs delivered seals.,,1
intn_fleet_seal_ranges,Available,,1
intn_fleet_seal_ranges,Cancel,,3
intn_fleet_seal_ranges,Cancelled,,3
intn_fleet_seal_ranges,Cannot confirm issuance: measurement certificate is missing.,,1
intn_fleet_seal_ranges,Cannot confirm issuance: measurement record is missing for this service request.,,1
intn_fleet_seal_ranges,Cannot confirm issuance: seal homologation must be matched for annual verification.,,1
intn_fleet_seal_ranges,Cannot confirm issuance: the measurement certificate must be approved.,,1
intn_fleet_seal_ranges,Cannot confirm issuance: the measurement certificate must be confirmed first.,,1
intn_fleet_seal_ranges,Cistern verification models are not installed. Please install `INTN Fleet Cistern Verification`.,,1
intn_fleet_seal_ranges,Closed,,1
intn_fleet_seal_ranges,Confirm,,1
intn_fleet_seal_ranges,Confirmed,,1
intn_fleet_seal_ranges,Created by,,4
intn_fleet_seal_ranges,Created on,,4
intn_fleet_seal_ranges,Delivered By,,1
intn_fleet_seal_ranges,Delivered Seals,,2
intn_fleet_seal_ranges,Delivered: %s,,1
intn_fleet_seal_ranges,Differences,,2
intn_fleet_seal_ranges,Display Name,,4
intn_fleet_seal_ranges,Draft,,2
intn_fleet_seal_ranges,Driver or person who delivered the seals for homologation.,,1
intn_fleet_seal_ranges,Duplicate seal number in the same homologation is not allowed.,,1
intn_fleet_seal_ranges,Expected From,,1
intn_fleet_seal_ranges,Expected To,,1
intn_fleet_seal_ranges,Expected: %s,,1
intn_fleet_seal_ranges,Expedient,,2
intn_fleet_seal_ranges,Extra: %s,,1
intn_fleet_seal_ranges,Fine,,1
intn_fleet_seal_ranges,Fine generated when delivered seals do not match the expected previous issuance.,,1
intn_fleet_seal_ranges,Followers,,3
intn_fleet_seal_ranges,Followers (Partners),,3
intn_fleet_seal_ranges,Font awesome icon e.g. fa-tasks,,3
intn_fleet_seal_ranges,From,,1
intn_fleet_seal_ranges,Has Message,,3
intn_fleet_seal_ranges,Homologation,,3
intn_fleet_seal_ranges,Homologation is only applicable to annual verification requests.,,1
intn_fleet_seal_ranges,Homologation record for annual verification seal delivery.,,1
intn_fleet_seal_ranges,Homologation status for annual verification seal delivery.,,1
intn_fleet_seal_ranges,Homologations,,1
intn_fleet_seal_ranges,ID,,4
intn_fleet_seal_ranges,Icon,,3
intn_fleet_seal_ranges,Icon to indicate an exception activity.,,3
intn_fleet_seal_ranges,"If checked, new messages require your attention.",,3
intn_fleet_seal_ranges,"If checked, some messages have a delivery error.",,6
intn_fleet_seal_ranges,Invalid range: 'To' must be >= 'From'.,,1
intn_fleet_seal_ranges,Is Follower,,3
intn_fleet_seal_ranges,Issuance,,1
intn_fleet_seal_ranges,Issuance Number,,1
intn_fleet_seal_ranges,Issuances,,1
intn_fleet_seal_ranges,Issued From,,1
intn_fleet_seal_ranges,Issued From/To must be both set or both empty.,,1
intn_fleet_seal_ranges,Issued Range,,1
intn_fleet_seal_ranges,Issued To,,1
intn_fleet_seal_ranges,Issued To must be >= Issued From.,,1
intn_fleet_seal_ranges,Issued range size must match quantity.,,1
intn_fleet_seal_ranges,Label,,1
intn_fleet_seal_ranges,Last Updated by,,4
intn_fleet_seal_ranges,Last Updated on,,4
intn_fleet_seal_ranges,Last confirmed issuance for the previous annual verification of this vehicle.,,1
intn_fleet_seal_ranges,Matched,,2
intn_fleet_seal_ranges,Matched. Expected: %s,,1
intn_fleet_seal_ranges,Message Delivery error,,3
intn_fleet_seal_ranges,Messages,,3
intn_fleet_seal_ranges,Mismatched,,2
intn_fleet_seal_ranges,Missing: %s,,1
intn_fleet_seal_ranges,My Activity Deadline,,3
intn_fleet_seal_ranges,Next Activity Calendar Event,,3
intn_fleet_seal_ranges,Next Activity Deadline,,3
intn_fleet_seal_ranges,Next Activity Summary,,3
intn_fleet_seal_ranges,Next Activity Type,,3
intn_fleet_seal_ranges,Next Number,,1
intn_fleet_seal_ranges,Next number to be issued from this range.,,1
intn_fleet_seal_ranges,Not Required,,1
intn_fleet_seal_ranges,Not enough numbers available in this range.,,1
intn_fleet_seal_ranges,Number of Actions,,3
intn_fleet_seal_ranges,Number of errors,,3
intn_fleet_seal_ranges,Number of messages requiring action,,3
intn_fleet_seal_ranges,Number of messages with delivery error,,3
intn_fleet_seal_ranges,Only draft issuances can be confirmed.,,1
intn_fleet_seal_ranges,Organism,,3
intn_fleet_seal_ranges,"Overlapping ranges are not allowed for the same organism, series, and type.",,1
intn_fleet_seal_ranges,Partially Used,,1
intn_fleet_seal_ranges,Pending,,1
intn_fleet_seal_ranges,Previous Annual Issuance,,1
intn_fleet_seal_ranges,Previous annual issuance not found for this vehicle.,,1
intn_fleet_seal_ranges,Quantity,,3
intn_fleet_seal_ranges,Quantity must be greater than zero.,,2
intn_fleet_seal_ranges,Range,,2
intn_fleet_seal_ranges,Range numbers must be positive.,,1
intn_fleet_seal_ranges,Ranges,,1
intn_fleet_seal_ranges,Ratings,,3
intn_fleet_seal_ranges,Regulatory organism governing this service (e.g. ONM/ONC/ONI).,,1
intn_fleet_seal_ranges,Reset,,1
intn_fleet_seal_ranges,Responsible User,,3
intn_fleet_seal_ranges,Ring,,1
intn_fleet_seal_ranges,SMS Delivery error,,3
intn_fleet_seal_ranges,Seal,,1
intn_fleet_seal_ranges,Seal / Label Issuance,,1
intn_fleet_seal_ranges,Seal Homologation,,4
intn_fleet_seal_ranges,Seal Homologation Line,,1
intn_fleet_seal_ranges,Seal Homologations,,2
intn_fleet_seal_ranges,Seal Issuance,,1
intn_fleet_seal_ranges,Seal Issuances,,2
intn_fleet_seal_ranges,Seal Number,,1
intn_fleet_seal_ranges,Seal Range,,1
intn_fleet_seal_ranges,Seal Ranges,,2
intn_fleet_seal_ranges,Seal mismatch: delivered seals do not match expected set.,,1
intn_fleet_seal_ranges,Seal number must be positive.,,1
intn_fleet_seal_ranges,Seal/Label Issuance,,1
intn_fleet_seal_ranges,Seal/Label Range,,1
intn_fleet_seal_ranges,Seals / Labels,,1
intn_fleet_seal_ranges,Series,,3
intn_fleet_seal_ranges,"Series prefix, e.g. S.",,2
intn_fleet_seal_ranges,Service request is required.,,1
intn_fleet_seal_ranges,State,,3
intn_fleet_seal_ranges,"Status based on activities
Overdue: Due date is already passed
Today: Activity date is today
Planned: Future activities.",,3
intn_fleet_seal_ranges,Technical flag: True once at least one number has been issued from this range.,,1
intn_fleet_seal_ranges,This issuance is already allocated.,,1
intn_fleet_seal_ranges,This range is exhausted.,,1
intn_fleet_seal_ranges,This range is not available for issuance.,,1
intn_fleet_seal_ranges,To,,1
intn_fleet_seal_ranges,Type,,3
intn_fleet_seal_ranges,Type of the exception activity on record.,,3
intn_fleet_seal_ranges,Used,,1
intn_fleet_seal_ranges,Validate,,1
intn_fleet_seal_ranges,Vehicle,,1
intn_fleet_seal_ranges,Vehicle is required for homologation.,,1
intn_fleet_seal_ranges,Website Messages,,3
intn_fleet_seal_ranges,Website communication history,,3
intn_fleet_seal_ranges,You cannot edit numbering fields once the range has been used or closed.,,1
intn_fleet_seal_ranges,You cannot reset a range that has already been used.,,1
intn_hr_organization_bridge,Organism,,1
intn_inspection_certificate,"<span class=""bold"">
                                                    FOR-N-04 /
                                                </span>
                                                Versión: 01/ Vigencia: 18-07-2019",,1
intn_inspection_certificate,"CONSTE que el camión cisterna para
                                                    transporte de
                                                    combustibleslíquidos, se encuentra en
                                                    condiciones libre de vapores, cumpliendo con
                                                    el
                                                    Reglamento Técnico Metrológico ONM-RTM-05.",,1
intn_inspection_certificate,Cannot confirm certificate: At least one inspection is required.,,1
intn_inspection_certificate,Compart. Inspeccionados,,1
intn_inspection_certificate,Código,,1
intn_inspection_certificate,DATOS DEL CLIENTE,,1
intn_inspection_certificate,Dirección,,1
intn_inspection_certificate,Emblema,,1
intn_inspection_certificate,Entrada N°,,1
intn_inspection_certificate,Fecha de Inspección,,1
intn_inspection_certificate,"INSPECCIÓN DE TANQUE CISTERNA
                                                    (Desgasificación)",,1
intn_inspection_certificate,JEFE/A DE DEPARTAMENTO,,1
intn_inspection_certificate,Matrícula/Camión,,1
intn_inspection_certificate,Matrícula/Cisterna,,1
intn_inspection_certificate,ONI N°,,1
intn_inspection_certificate,Only draft certificates can be confirmed.,,1
intn_inspection_certificate,Registro de Inspección N°,,1
intn_inspection_certificate,Solicitante,,1
intn_inspection_certificate,Some inspections are already used in another certificate: %s,,1
intn_inspection_certificate,TÉCNICO DE INSPECCIÓN,,1
intn_inspection_certificate,Approve document,,1
intn_inspection_certificate,Document review,,1
intn_inspection_certificate,Observe,,1
intn_inspection_certificate,Reject document,,1
intn_inspection_certificate,Review comment,,1
intn_inspection_certificate,Review date,,1
intn_inspection_certificate,Reviewed by,,1
intn_mrp_dse,'DSE Inspection - %s' % (object.name),,1
intn_mrp_dse,<strong>Customer:</strong>,,1
intn_mrp_dse,<strong>Date:</strong>,,1
intn_mrp_dse,<strong>Manufacturing Order:</strong>,,1
intn_mrp_dse,<strong>Notes:</strong>,,1
intn_mrp_dse,<strong>Reference:</strong>,,1
intn_mrp_dse,<strong>Type:</strong>,,1
intn_mrp_dse,A manufacturing order is required to confirm the inspection.,,1
intn_mrp_dse,Action Needed,,1
intn_mrp_dse,Active,,1
intn_mrp_dse,Activities,,1
intn_mrp_dse,Activity Exception Decoration,,1
intn_mrp_dse,Activity State,,1
intn_mrp_dse,Activity Type Icon,,1
intn_mrp_dse,Attachment Count,,1
intn_mrp_dse,Cancel,,1
intn_mrp_dse,Cancelled,,1
intn_mrp_dse,Company,,1
intn_mrp_dse,Confirm,,1
intn_mrp_dse,Created by,,1
intn_mrp_dse,Created on,,1
intn_mrp_dse,Customer,,1
intn_mrp_dse,DSE Inspection,,1
intn_mrp_dse,DSE Inspection Report,,2
intn_mrp_dse,DSE Inspections,,7
intn_mrp_dse,DSE Inspector,,1
intn_mrp_dse,DSE Pressure Equipment Inspection,,1
intn_mrp_dse,Display Name,,1
intn_mrp_dse,Done,,2
intn_mrp_dse,Draft,,2
intn_mrp_dse,Dse Inspection Count,,2
intn_mrp_dse,Followers,,1
intn_mrp_dse,Followers (Partners),,1
intn_mrp_dse,Font awesome icon e.g. fa-tasks,,1
intn_mrp_dse,Has Message,,1
intn_mrp_dse,ID,,1
intn_mrp_dse,Icon,,1
intn_mrp_dse,Icon to indicate an exception activity.,,1
intn_mrp_dse,"If checked, new messages require your attention.",,1
intn_mrp_dse,"If checked, some messages have a delivery error.",,2
intn_mrp_dse,Initial,,1
intn_mrp_dse,Inspection Date,,1
intn_mrp_dse,Inspection Type,,1
intn_mrp_dse,Inspection notes...,,1
intn_mrp_dse,Intermediate,,1
intn_mrp_dse,Is Follower,,1
intn_mrp_dse,Last Updated by,,1
intn_mrp_dse,Last Updated on,,1
intn_mrp_dse,Manufacturing Order,,2
intn_mrp_dse,Message Delivery error,,1
intn_mrp_dse,Messages,,1
intn_mrp_dse,My Activity Deadline,,1
intn_mrp_dse,Name,,1
intn_mrp_dse,Next Activity Calendar Event,,1
intn_mrp_dse,Next Activity Deadline,,1
intn_mrp_dse,Next Activity Summary,,1
intn_mrp_dse,Next Activity Type,,1
intn_mrp_dse,Notes,,1
intn_mrp_dse,Number of Actions,,1
intn_mrp_dse,Number of errors,,1
intn_mrp_dse,Number of messages requiring action,,1
intn_mrp_dse,Number of messages with delivery error,,1
intn_mrp_dse,Ratings,,1
intn_mrp_dse,Reset to Draft,,1
intn_mrp_dse,Responsible User,,1
intn_mrp_dse,SMS Delivery error,,1
intn_mrp_dse,Service Request,,2
intn_mrp_dse,State,,1
intn_mrp_dse,"Status based on activities
Overdue: Due date is already passed
Today: Activity date is today
Planned: Future activities.",,1
intn_mrp_dse,Type of the exception activity on record.,,1
intn_mrp_dse,Website Messages,,1
intn_mrp_dse,Website communication history,,1
intn_mrp_metci,'control_ingreso_instrumentos_%s' % (object.name),,1
intn_mrp_metci,'etiqueta_instrumento_%s' % (object.intake_id.name),,1
intn_mrp_metci,<strong>Calibrado:</strong>,,1
intn_mrp_metci,<strong>Compromiso de Entrega:</strong>,,1
intn_mrp_metci,<strong>Contacto:</strong>,,1
intn_mrp_metci,<strong>Email:</strong>,,1
intn_mrp_metci,<strong>Fecha:</strong>,,1
intn_mrp_metci,<strong>Notas Generales:</strong>,,1
intn_mrp_metci,<strong>N° de Expediente:</strong>,,1
intn_mrp_metci,<strong>Observaciones:</strong>,,1
intn_mrp_metci,<strong>R.U.C.:</strong>,,1
intn_mrp_metci,<strong>Razón Social:</strong>,,1
intn_mrp_metci,<strong>Tel/Fax:</strong>,,1
intn_mrp_metci,A product to manufacture is required.,,1
intn_mrp_metci,Active,,3
intn_mrp_metci,Actualizar,,1
intn_mrp_metci,Actualizar Cantidades,,1
intn_mrp_metci,"Analyze METCI service requests by status, laboratory, organism,
                customer, and operational dates.",,1
intn_mrp_metci,Approve document,,1
intn_mrp_metci,Aprobar METCI,,1
intn_mrp_metci,Aprobar Presupuesto,,1
intn_mrp_metci,Brand,,2
intn_mrp_metci,Budget Approved,,1
intn_mrp_metci,CONTROL DE INGRESO DE INSTRUMENTOS,,1
intn_mrp_metci,Calibrated,,1
intn_mrp_metci,Calibration,,1
intn_mrp_metci,Calibration Request,,2
intn_mrp_metci,Calibration Request Count,,1
intn_mrp_metci,Calibration Requests,,1
intn_mrp_metci,Calibration State,,1
intn_mrp_metci,Cancelar,,1
intn_mrp_metci,Cantidad,,1
intn_mrp_metci,Client Identifier,,1
intn_mrp_metci,Cliente:,,1
intn_mrp_metci,Company Name,,1
intn_mrp_metci,Compromiso de Entrega,,1
intn_mrp_metci,Configuración,,1
intn_mrp_metci,Confirmar,,1
intn_mrp_metci,Contact,,1
intn_mrp_metci,Control Ingreso Nº:,,1
intn_mrp_metci,Control de Ingresos,,2
intn_mrp_metci,Control de Retiro,,1
intn_mrp_metci,Crear Control de Ingreso,,1
intn_mrp_metci,Crear Orden de Producción,,1
intn_mrp_metci,Date,,1
intn_mrp_metci,Delivered Quantity,,2
intn_mrp_metci,Delivered qty: %s,,1
intn_mrp_metci,Delivery Commitment Date,,1
intn_mrp_metci,Delivery Commitment Hour,,1
intn_mrp_metci,Detalle de Instrumentos,,2
intn_mrp_metci,Document,,1
intn_mrp_metci,Document Name,,1
intn_mrp_metci,Document Review,,1
intn_mrp_metci,Document review,,1
intn_mrp_metci,Email,,1
intn_mrp_metci,Expedient,,2
intn_mrp_metci,Firmas,,1
intn_mrp_metci,Historial Salida,,1
intn_mrp_metci,Identificación,,1
intn_mrp_metci,Identification,,1
intn_mrp_metci,Información General,,1
intn_mrp_metci,Ingreso:,,1
intn_mrp_metci,"Instituto Nacional de Tecnología, Normalización y Metrología",,1
intn_mrp_metci,Instrument,,2
intn_mrp_metci,Instrument Intakes,,1
intn_mrp_metci,Instrument Lines,,1
intn_mrp_metci,Instrumento,,1
intn_mrp_metci,Instrumento:,,1
intn_mrp_metci,Instrumentos,,2
intn_mrp_metci,Intake,,2
intn_mrp_metci,Intake Count,,1
intn_mrp_metci,Intake History,,1
intn_mrp_metci,Intake Line,,1
intn_mrp_metci,Intake Quantity,,1
intn_mrp_metci,Intakes,,1
intn_mrp_metci,Item,,1
intn_mrp_metci,Laboratory does not belong to your organism.,,1
intn_mrp_metci,Lines,,1
intn_mrp_metci,METCI Calibration Request,,1
intn_mrp_metci,METCI Instrument,,1
intn_mrp_metci,METCI Instrument Brand,,1
intn_mrp_metci,METCI Instrument Intake,,2
intn_mrp_metci,METCI Instrument Intake Line,,1
intn_mrp_metci,METCI Instrument Intake Line History,,1
intn_mrp_metci,METCI Instrument Intake Quantity Wizard,,1
intn_mrp_metci,METCI Instrument Intake Quantity Wizard Line,,1
intn_mrp_metci,METCI Instrument Label,,1
intn_mrp_metci,METCI Instrument Model,,1
intn_mrp_metci,Marcas,,2
intn_mrp_metci,Model,,1
intn_mrp_metci,Modelos,,2
intn_mrp_metci,Name,,5
intn_mrp_metci,No,,1
intn_mrp_metci,No METCI service requests to analyze yet.,,1
intn_mrp_metci,Notas y Observaciones,,1
intn_mrp_metci,Notes,,2
intn_mrp_metci,ORGANISMO NACIONAL DE METROLOGÍA,,1
intn_mrp_metci,Observations,,2
intn_mrp_metci,Observe,,1
intn_mrp_metci,Onsite Verification,,1
intn_mrp_metci,Partial Pickup,,1
intn_mrp_metci,Partial Pickup Date,,1
intn_mrp_metci,Partial Pickup ONM ID,,1
intn_mrp_metci,Partial Pickup ONM Name,,1
intn_mrp_metci,Partial Pickup User ID,,1
intn_mrp_metci,Partial Pickup User Name,,1
intn_mrp_metci,Pending Quantity,,1
intn_mrp_metci,Phone,,1
intn_mrp_metci,Pickup,,1
intn_mrp_metci,Pickup Date,,1
intn_mrp_metci,Pickup History,,1
intn_mrp_metci,Pickup Method,,1
intn_mrp_metci,Product to Manufacture,,1
intn_mrp_metci,Production,,2
intn_mrp_metci,Production Count,,1
intn_mrp_metci,Range / Max Capacity,,1
intn_mrp_metci,Received ID Number,,1
intn_mrp_metci,Received Signature,,1
intn_mrp_metci,Received Signature Name,,1
intn_mrp_metci,Recibí Conforme,,1
intn_mrp_metci,Reject document,,1
intn_mrp_metci,Reset review,,1
intn_mrp_metci,Resolution,,1
intn_mrp_metci,Retiro Parcial,,1
intn_mrp_metci,Retiro Total,,1
intn_mrp_metci,Review comment,,1
intn_mrp_metci,Review date,,1
intn_mrp_metci,Reviewed by,,1
intn_mrp_metci,Sales Order,,1
intn_mrp_metci,Serial Number,,1
intn_mrp_metci,Servicios,,1
intn_mrp_metci,Set a laboratory or organism before confirming the request.,,1
intn_mrp_metci,Si,,1
intn_mrp_metci,Solicitud de Calibración,,2
intn_mrp_metci,State,,2
intn_mrp_metci,Tax ID,,1
intn_mrp_metci,The Tax Identification Number. Values here will be validated based on the country format. You can use '/' to indicate that the partner is not subject to tax.,,1
intn_mrp_metci,Third Party,,1
intn_mrp_metci,Third Party Document,,1
intn_mrp_metci,Third Party Name,,1
intn_mrp_metci,Total Pickup Date,,1
intn_mrp_metci,Total Pickup ONM ID,,1
intn_mrp_metci,Total Pickup ONM Name,,1
intn_mrp_metci,Total Pickup User ID,,1
intn_mrp_metci,Total Pickup User Name,,1
intn_mrp_metci,Unique Identifier,,1
intn_mrp_metci,Update Delivered Quantities,,1
intn_mrp_metci,User ID Number,,1
intn_mrp_metci,User Signature,,1
intn_mrp_metci,User Signature Name,,1
intn_mrp_metci,Users to Notify,,1
intn_mrp_metci,Usuario,,1
intn_mrp_metci,Wizard,,1
intn_mrp_metci,Work Center,,1
intn_mrp_metci,Work Date,,1
intn_mrp_metci,Work Not Performed,,1
intn_mrp_metci,Work Order Scheduled,,1
intn_mrp_metci,You are not allowed to access METCI requests from another organism.,,1
intn_mrp_metci,You cannot create METCI service requests outside your organisms.,,1
intn_mrp_metci,Your budget request %(name)s has been approved. Please submit payment proof to proceed with scheduling.,,1
intn_mrp_metci,Ítem,,1
intn_mrp_metci,Órdenes de producción,,1
intn_mrp_oiat,"<span class=""bold"">Entrada N°:</span>",,1
intn_mrp_oiat,"<span class=""bold"">Solicitante:</span>",,1
intn_mrp_oiat,"<span class=""bold"">Tembipota:</span>
                                Oipytyvõ tekoaty, mba’eapopyha, ñemureko ha
                                opaite mba’e’aporãme, taha’e jehapereka, kuave’ẽmby ñepytyvõmby,
                                mbojojaha, mba’era’ãha, tendyry ñangareko rupive, avei kuatia mboaje ha
                                jesareko
                                iporãve hag̃ua mba’eapopy, kuave’ẽmby, tapichakuéra jeikoporã ha
                                tekomo’ã, tembiapo omomba’eguasúva tekoaty ha tekoha reheve.
                                <span class=""bold"">Misión:</span>
                                Contribuir con la sociedad, la
                                industria, el comercio, el sector productivo, mediante la investigación,
                                servicios de asistencia técnica,
                                normalización, metrología, seguridad eléctrica, certificación e
                                inspección, para el mejoramiento de la calidad de los productos, los
                                servicios, el
                                bienestar y seguridad de las personas, con un enfoque de responsabilidad
                                social y ambiental.
                                <br/>
                                <span class=""bold"">Tembihecha:</span>
                                Temimoĩmby hembiapopyahukuaáva ha
                                ojepytaso añetéva, ojehechakuáva tetãpýre ha tetã ambue rupi omog̃uahẽ
                                porã rehe kuave’ẽmbyeta
                                puruharakuérape, imba’apoharakuéra ikatupyry ha imba’erechakuaágui, ha
                                upéichante avei oipytyvõhaguére tekoatýpe.
                                <span class=""bold"">Visión:</span>
                                Ser una institución innovadora y
                                competitiva, reconocida nacional e internacionalmente por la calidad de
                                sus servicios, la excelencia profesional
                                y humana de su gente, y su contribución
                                a la sociedad.
                                <br/>
                                Avda. Artigas 3973 y Gral. Roa / C.C. | Teléf.: 288 6000 |
                                www.intn.gov.py | e-mail: intn@intn.gov.py | Asunción – Paraguay",,1
intn_mrp_oiat,"Asunción,",,1
intn_mrp_oiat,CONSTANCIA,,1
intn_mrp_oiat,Certificate sequence is not configured.,,1
intn_mrp_oiat,Department,,1
intn_mrp_oiat,Done,,1
intn_mrp_oiat,Execution date,,1
intn_mrp_oiat,Fecha del Informe:,,1
intn_mrp_oiat,Fin de Informe,,1
intn_mrp_oiat,Group By,,1
intn_mrp_oiat,INFORME DE ENSAYO,,1
intn_mrp_oiat,INFORME TÉCNICO,,1
intn_mrp_oiat,Jefe de Dpto.,,2
intn_mrp_oiat,Jefe de Unidad,,2
intn_mrp_oiat,Motivo de anulación:,,1
intn_mrp_oiat,No ir.sequence found for code %s. Configure sequences.,,1
intn_mrp_oiat,Nº:,,2
intn_mrp_oiat,OIAT,,1
intn_mrp_oiat,Only draft reports can be deleted.,,1
intn_mrp_oiat,Profesional Técnico,,1
intn_mrp_oiat,Provide the void reason before voiding.,,1
intn_mrp_oiat,Reception date,,1
intn_mrp_oiat,Report date,,1
intn_mrp_oiat,Report type,,1
intn_mrp_oiat,The certificate is not approved.,,1
intn_mrp_oiat,The report is not approved.,,1
intn_mrp_oiat,The technician is not in this department.,,1
intn_mrp_oiat,This work order already has an OIAT report of this type.,,1
intn_mrp_oiat,Under review,,1
intn_mrp_oiat,You cannot edit this record in its current state.,,1
intn_mrp_oiat,You do not have permission to perform this action.,,2
intn_mrp_oiat,Abbreviation,,1
intn_mrp_oiat,Act number,,1
intn_mrp_oiat,Address,,1
intn_mrp_oiat,Assay item,,1
intn_mrp_oiat,Beneficiary,,1
intn_mrp_oiat,Chief,,1
intn_mrp_oiat,Client requester and beneficiary,,1
intn_mrp_oiat,Configuration,,1
intn_mrp_oiat,Dates,,1
intn_mrp_oiat,Dept. code,,1
intn_mrp_oiat,Determinations,,1
intn_mrp_oiat,Expedient is required for non-internal OIAT reports.,,1
intn_mrp_oiat,Expedient number,,1
intn_mrp_oiat,LPI,,1
intn_mrp_oiat,OIAT Report,,1
intn_mrp_oiat,OIAT change the abbreviation of the correlative,,1
intn_mrp_oiat,Parties,,1
intn_mrp_oiat,Quantity,,1
intn_mrp_oiat,References,,1
intn_mrp_oiat,Requester,,1
intn_mrp_oiat,Responsible parties,,1
intn_mrp_oiat,Service type,,1
intn_mrp_oiat,Short label used in OIAT report correlatives.,,1
intn_mrp_oiat,OIAT report,,0
intn_mrp_oiat_fuel,ID,,1
intn_mrp_oiat_fuel,No ir.sequence found for code %s. Configure sequences.,,1
intn_mrp_oiat_fuel,Only draft reports can be deleted.,,1
intn_mrp_oiat_fuel,Provide the void reason before voiding.,,1
intn_mrp_oiat_fuel,The determination line must belong to the selected expedient.,,1
intn_mrp_oiat_fuel,The report is not approved.,,1
intn_mrp_oiat_fuel,The technician is not in this department.,,1
intn_mrp_oiat_fuel,You cannot edit this record in its current state.,,1
intn_mrp_oiat_fuel,You do not have permission to perform this action.,,1
intn_mrp_oni,"""Descripcion del/los item(s) de inspeccion:",,1
intn_mrp_oni,*Este ACTA debera ser completado en el lugar y momento del muestreo,,1
intn_mrp_oni,"<br/>
                                                    <span class=""bold"">Tembipota:</span>
                                                    Oipytyvõ tekoaty, mba’eapopyha, ñemureko ha
                                                    opaite mba’e’aporãme, taha’e jehapereka, kuave’ẽmby ñepytyvõmby,
                                                    mbojojaha, mba’era’ãha, tendyry ñangareko rupive, avei kuatia mboaje
                                                    ha jesareko
                                                    iporãve hag̃ua mba’eapopy, kuave’ẽmby, tapichakuéra jeikoporã ha
                                                    tekomo’ã, tembiapo omomba’eguasúva tekoaty ha tekoha reheve.
                                                    <span class=""bold"">Misión:</span>Contribuir con la sociedad, la
                                                    industria, el comercio, el sector productivo, mediante la
                                                    investigación, servicios de asistencia técnica,
                                                    normalización, metrología, seguridad eléctrica, certificación e
                                                    inspección, para el mejoramiento de la calidad de los productos, los
                                                    servicios, el
                                                    bienestar y seguridad de las personas, con un enfoque de
                                                    responsabilidad social y ambiental.
                                                    <br/>
                                                    <span class=""bold"">Tembihecha:</span>Temimoĩmby hembiapopyahukuaáva
                                                    ha ojepytaso añetéva, ojehechakuáva tetãpýre ha tetã ambue rupi
                                                    omog̃uahẽ porã rehe kuave’ẽmbyeta
                                                    puruharakuérape, imba’apoharakuéra ikatupyry ha imba’erechakuaágui,
                                                    ha upéichante avei oipytyvõhaguére tekoatýpe.
                                                    <span class=""bold"">Visión:</span>Ser una institución innovadora y
                                                    competitiva, reconocida nacional e internacionalmente por la calidad
                                                    de sus servicios, la excelencia profesional
                                                    y humana de su gente, y su contribución
                                                    a la sociedad.",,5
intn_mrp_oni,"<br/>
                                                <span class=""bold"">Codigo</span>
                                                FOR-ONI-37
                                                <br/>

                                                <span class=""bold"">Version</span>
                                                02
                                                <br/>
                                                <span class=""bold"">Vigencia</span>",,1
intn_mrp_oni,"<br/>
                                                <span class=""bold"">Folio N°</span>
                                                <span class=""page""/>",,1
intn_mrp_oni,"<br/>
                                                <span class=""bold"">Organismo Nacional de Inspeccion (ONI)</span>
                                                <br/>
                                                <br/>
                                                <span class=""bold"">Registro de Inspeccion</span>",,1
intn_mrp_oni,"<span class=""bold"">
                                                                (ABREV) N°:
                                                            </span>",,1
intn_mrp_oni,"<span class=""bold"">
                                                                Direccion:
                                                            </span>",,1
intn_mrp_oni,"<span class=""bold"">
                                                                Dpto. Ejecutor:
                                                            </span>",,1
intn_mrp_oni,"<span class=""bold"">
                                                                Entrada N°:
                                                            </span>",,1
intn_mrp_oni,"<span class=""bold"">
                                                                Materia(s) prima(s) e Insumo(s):
                                                            </span>",,1
intn_mrp_oni,"<span class=""bold"">
                                                                Producto(s) de exportación:
                                                            </span>",,1
intn_mrp_oni,"<span class=""bold"">
                                                                Solicitante:
                                                            </span>",,1
intn_mrp_oni,"<span class=""bold"">
                                                            (DINS) N°:
                                                        </span>",,1
intn_mrp_oni,"<span class=""bold"">
                                                            Direccion:
                                                        </span>",,3
intn_mrp_oni,"<span class=""bold"">
                                                            Dpto. Ejecutor:
                                                        </span>",,3
intn_mrp_oni,"<span class=""bold"">
                                                            Entrada N°:
                                                        </span>",,1
intn_mrp_oni,"<span class=""bold"">
                                                            FOR-N-04
                                                        </span>",,2
intn_mrp_oni,"<span class=""bold"">
                                                            Solicitante:
                                                        </span>",,3
intn_mrp_oni,"<span class=""bold"">
                                                        FOR-N-04 /
                                                    </span>
                                                    Versión: 01/ Vigencia:",,1
intn_mrp_oni,"<span class=""bold"">Entrada INTN N°</span>",,1
intn_mrp_oni,"<span class=""bold"">Fecha:</span>",,1
intn_mrp_oni,"<span class=""bold"">Nombre de contacto:</span>",,1
intn_mrp_oni,"<span class=""bold"">Telefono:</span>",,1
intn_mrp_oni,"<span>
                                                            Código: FOR-ONI-36, Versión: 05
                                                        </span>",,3
intn_mrp_oni,ABREVIATURAS,,4
intn_mrp_oni,Access Token,,8
intn_mrp_oni,Acta de Inspeccion N°,,1
intn_mrp_oni,Action Needed,,8
intn_mrp_oni,Activities,,8
intn_mrp_oni,Activity Exception Decoration,,8
intn_mrp_oni,Activity State,,8
intn_mrp_oni,Activity Type Icon,,8
intn_mrp_oni,Approve,,7
intn_mrp_oni,Approved,,7
intn_mrp_oni,Assay reports,,1
intn_mrp_oni,Assay sequence is not configured.,,1
intn_mrp_oni,Attachment Count,,8
intn_mrp_oni,Authorization Period,,1
intn_mrp_oni,"Avda. Artigas 3973 y Gral. Roa / C.C. | Teléf.: 288 6000 |
                                                    www.intn.gov.py | e-mail: intn@intn.gov.py | Asunción – Paraguay",,5
intn_mrp_oni,Bodies,,2
intn_mrp_oni,"C.I.,Aclaracion o Sello",,1
intn_mrp_oni,CERTIFICADO DE INSPECCIÓN,,1
intn_mrp_oni,Cancel,,8
intn_mrp_oni,Capacity,,1
intn_mrp_oni,Certificado de Inspección,,1
intn_mrp_oni,Certificate sequence is not configured.,,2
intn_mrp_oni,City,,8
intn_mrp_oni,Client Display Name,,3
intn_mrp_oni,Confirm,,8
intn_mrp_oni,Confirmed,,8
intn_mrp_oni,Contact person,,4
intn_mrp_oni,Contact phone,,3
intn_mrp_oni,Created by,,8
intn_mrp_oni,Created on,,8
intn_mrp_oni,Customer,,9
intn_mrp_oni,DATOS DE LA INSPECCION,,1
intn_mrp_oni,DATOS DEL CLIENTE,,2
intn_mrp_oni,DIRECTOR DEL ONI,,2
intn_mrp_oni,Department,,6
intn_mrp_oni,Descripcion del item,,1
intn_mrp_oni,Descripción,,1
intn_mrp_oni,Despacho de importación,,1
intn_mrp_oni,"Desperdicio a exportar, en",,1
intn_mrp_oni,Determination,,1
intn_mrp_oni,Direccion,,1
intn_mrp_oni,Dirección,,2
intn_mrp_oni,Display Name,,8
intn_mrp_oni,Draft,,8
intn_mrp_oni,"El Organismo Nacional de Inspección (ONI) certifica que el
                                                        solicitante
                                                        cumple con lo establecido en la Norma Pa-
                                                        raguaya NP 16 012 70, Edición 1995 para operar como Planta de
                                                        almacenamiento y envasado de GLP.",,1
intn_mrp_oni,Emission Date,,2
intn_mrp_oni,End,,3
intn_mrp_oni,Entrada N°,,1
intn_mrp_oni,Execution date,,1
intn_mrp_oni,Expedient,,3
intn_mrp_oni,Export product,,1
intn_mrp_oni,FIRMA DEL/LA SOLICITANTE O TESTIGO DE LA INSPECCION,,1
intn_mrp_oni,FIRMA DEL/LA<br/>INSPECTOR/A,,1
intn_mrp_oni,Fecha de ejecucion:,,5
intn_mrp_oni,Fecha de recepcion:,,5
intn_mrp_oni,Fecha emision,,1
intn_mrp_oni,Fecha informe:,,5
intn_mrp_oni,Fecha/s de la inspección,,1
intn_mrp_oni,Fin de inspeccion.,,2
intn_mrp_oni,Followers,,8
intn_mrp_oni,Followers (Partners),,8
intn_mrp_oni,Font awesome icon e.g. fa-tasks,,8
intn_mrp_oni,Has Message,,8
intn_mrp_oni,Html Block 1,,3
intn_mrp_oni,Html Block 2,,2
intn_mrp_oni,Html Block 3,,3
intn_mrp_oni,Html Block 4,,1
intn_mrp_oni,ID,,8
intn_mrp_oni,INFORME DE ENSAYO,,1
intn_mrp_oni,INFORME DE INSPECCION,,2
intn_mrp_oni,INTN ONI laboratory,,1
intn_mrp_oni,INTN entry,,1
intn_mrp_oni,Icon,,8
intn_mrp_oni,Icon to indicate an exception activity.,,8
intn_mrp_oni,"If checked, new messages require your attention.",,8
intn_mrp_oni,"If checked, some messages have a delivery error.",,16
intn_mrp_oni,Informe Tecnico,,1
intn_mrp_oni,Informe Tecnico (Maquila),,1
intn_mrp_oni,Informe de Ensayo,,1
intn_mrp_oni,Informe de Inspección,,1
intn_mrp_oni,Informe/s de Resultado/s,,1
intn_mrp_oni,Inspection Date,,1
intn_mrp_oni,Inspection certificates,,1
intn_mrp_oni,Inspection execution date,,1
intn_mrp_oni,Inspection log sequence is not configured.,,1
intn_mrp_oni,Inspection logs,,1
intn_mrp_oni,Inspection report,,1
intn_mrp_oni,Inspection reports,,1
intn_mrp_oni,Is Follower,,8
intn_mrp_oni,Jefe/a de Departamento,,3
intn_mrp_oni,Lab Registry,,1
intn_mrp_oni,Last Updated by,,8
intn_mrp_oni,Last Updated on,,8
intn_mrp_oni,Lugar/Dpto.,,1
intn_mrp_oni,Manufacturer,,1
intn_mrp_oni,Message Delivery error,,8
intn_mrp_oni,Messages,,8
intn_mrp_oni,Method Applied,,1
intn_mrp_oni,Methods Used,,5
intn_mrp_oni,Metodos utilizados:,,1
intn_mrp_oni,My Activity Deadline,,8
intn_mrp_oni,NOTAS,,5
intn_mrp_oni,Name,,8
intn_mrp_oni,Name Report Print,,7
intn_mrp_oni,Next Activity Calendar Event,,8
intn_mrp_oni,Next Activity Deadline,,8
intn_mrp_oni,Next Activity Summary,,8
intn_mrp_oni,Next Activity Type,,8
intn_mrp_oni,Norma o Metodo Aplicado,,1
intn_mrp_oni,Number of Actions,,8
intn_mrp_oni,Number of errors,,8
intn_mrp_oni,Number of messages requiring action,,8
intn_mrp_oni,Number of messages with delivery error,,8
intn_mrp_oni,OBSERVACIONES,,1
intn_mrp_oni,ONA report,,2
intn_mrp_oni,ONI,,1
intn_mrp_oni,ONI N°,,1
intn_mrp_oni,ONI assay report,,4
intn_mrp_oni,ONI assay report (PDF),,1
intn_mrp_oni,ONI assay reports,,2
intn_mrp_oni,ONI inspection certificate,,3
intn_mrp_oni,ONI inspection certificate (PDF),,1
intn_mrp_oni,ONI inspection certificates,,2
intn_mrp_oni,ONI inspection log,,2
intn_mrp_oni,ONI inspection log (PDF),,1
intn_mrp_oni,ONI inspection log (act),,1
intn_mrp_oni,ONI inspection logs,,2
intn_mrp_oni,ONI inspection report,,4
intn_mrp_oni,ONI inspection report (PDF),,1
intn_mrp_oni,ONI inspection reports,,2
intn_mrp_oni,ONI report approver,,1
intn_mrp_oni,ONI technical maquila report,,4
intn_mrp_oni,ONI technical maquila report (PDF),,1
intn_mrp_oni,ONI technical maquila reports,,2
intn_mrp_oni,ONI technical report,,4
intn_mrp_oni,ONI technical report (PDF),,1
intn_mrp_oni,ONI technical reports,,2
intn_mrp_oni,Objeto de la Visita,,1
intn_mrp_oni,"Pag.
                                                        <span class=""page""/>
                                                        de
                                                        <span class=""topage""/>",,5
intn_mrp_oni,Partner state,,1
intn_mrp_oni,Periodo de autorizacion,,1
intn_mrp_oni,Ratings,,8
intn_mrp_oni,Raw Materials,,1
intn_mrp_oni,Reception date,,1
intn_mrp_oni,Registro de Inspección,,1
intn_mrp_oni,Report Date,,5
intn_mrp_oni,Report Variant,,2
intn_mrp_oni,Report without ONA,,2
intn_mrp_oni,Responsible User,,8
intn_mrp_oni,Result summary,,1
intn_mrp_oni,SMS Delivery error,,8
intn_mrp_oni,Sale Order,,3
intn_mrp_oni,Solicitante,,3
intn_mrp_oni,Start,,3
intn_mrp_oni,State,,8
intn_mrp_oni,"Status based on activities
Overdue: Due date is already passed
Today: Activity date is today
Planned: Future activities.",,8
intn_mrp_oni,Street,,8
intn_mrp_oni,Sugerencias y Observaciones,,1
intn_mrp_oni,Suggestions and observations,,1
intn_mrp_oni,Technical maquila reports,,1
intn_mrp_oni,Technical maquila sequence is not configured.,,1
intn_mrp_oni,Technical report sequence is not configured.,,1
intn_mrp_oni,Technical reports,,1
intn_mrp_oni,The certificate is not approved.,,1
intn_mrp_oni,The log is not approved.,,1
intn_mrp_oni,The report is not approved.,,3
intn_mrp_oni,This work order already has an ONI assay report.,,1
intn_mrp_oni,This work order already has an ONI inspection report.,,1
intn_mrp_oni,This work order already has an ONI technical maquila report.,,1
intn_mrp_oni,This work order already has an ONI technical report.,,1
intn_mrp_oni,Type of the exception activity on record.,,8
intn_mrp_oni,Técnico/s,,2
intn_mrp_oni,Unit of measure,,1
intn_mrp_oni,User,,7
intn_mrp_oni,Validity (days),,1
intn_mrp_oni,Validity Date,,1
intn_mrp_oni,Validity End,,1
intn_mrp_oni,Vigencia,,1
intn_mrp_oni,Visit Purpose,,1
intn_mrp_oni,Website Messages,,8
intn_mrp_oni,Website communication history,,8
intn_mrp_oni,Work order,,2
intn_mrp_oni,Workorder,,3
intn_mrp_oni,You do not have permission to perform this action.,,3
intn_mrp_oni,[Nombre y Apellido],,1
intn_mrp_oni,"<span class=""bold"">
                                                            N° Entrada N°:
                                                        </span>",,2
intn_mrp_oni,"<span class=""bold"">
                                                            Persona de contacto:
                                                        </span>",,2
intn_mrp_oni,"<span class=""bold"">
                                                            Teléfono:
                                                        </span>",,2
intn_mrp_oni,"<span class=""bold"">Direccion:</span>",,1
intn_mrp_oni,"<span class=""bold"">Dpto. Ejecutor:</span>",,1
intn_mrp_oni,"<span class=""bold"">Entrada N°:</span>",,1
intn_mrp_oni,"<span class=""bold"">Persona de contacto:</span>",,1
intn_mrp_oni,"<span class=""bold"">Solicitante:</span>",,1
intn_mrp_oni,"<span class=""bold"">Teléfono:</span>",,1
intn_mrp_oni,ABREVIATIONS,,1
intn_mrp_oni,Abbreviation,,1
intn_mrp_oni,Abbreviations,,4
intn_mrp_oni,Abbreviations and Notes,,1
intn_mrp_oni,Abbreviations and notes,,1
intn_mrp_oni,Acta INTN N°,,1
intn_mrp_oni,Acta INTN N°:,,1
intn_mrp_oni,Address,,1
intn_mrp_oni,Applicant and Contact Information,,1
intn_mrp_oni,CONSTANCIA DE NO REALIZACIÓN DE SERVICIO,,1
intn_mrp_oni,Cancelled,,1
intn_mrp_oni,Certificate Of Noncompletion,,1
intn_mrp_oni,Certificate of Noncompletion,,3
intn_mrp_oni,Certificate of Noncompletion (PDF),,1
intn_mrp_oni,Certificates of Noncompletion,,2
intn_mrp_oni,Click here to enter text...,,1
intn_mrp_oni,Config Settings,,1
intn_mrp_oni,Constancia de No Cumplimiento,,1
intn_mrp_oni,Contact Person,,1
intn_mrp_oni,DESCRIPCION DEL SERVICIO REALIZADO,,2
intn_mrp_oni,Date of Receipt,,1
intn_mrp_oni,Dates of the Process,,1
intn_mrp_oni,Departamento,,1
intn_mrp_oni,Descripcion,,1
intn_mrp_oni,Description,,3
intn_mrp_oni,Descriptions,,1
intn_mrp_oni,Entry No.,,1
intn_mrp_oni,Execution Date,,1
intn_mrp_oni,Expediente N°,,1
intn_mrp_oni,Fecha de emisión,,1
intn_mrp_oni,Fin de Informe.,,1
intn_mrp_oni,Fin del informe.,,2
intn_mrp_oni,INFORME DE INSPECCIÓN,,1
intn_mrp_oni,INFORME DE MUESTREO,,1
intn_mrp_oni,INFORME DE NO INTERVENCIÓN,,1
intn_mrp_oni,INTN/,,2
intn_mrp_oni,Imágenes para reportes ONI,,1
intn_mrp_oni,Informe de Muestreo,,1
intn_mrp_oni,Informe de No Intervención,,1
intn_mrp_oni,Inspected Requirements,,1
intn_mrp_oni,Item Identification,,1
intn_mrp_oni,Item:,,1
intn_mrp_oni,JEFE DE DEPARTAMENTO,,1
intn_mrp_oni,Jefa de Departamento,,2
intn_mrp_oni,Logo auxiliar 1,,2
intn_mrp_oni,Logo auxiliar 2,,2
intn_mrp_oni,Logo superior derecho,,2
intn_mrp_oni,Logo superior izquierdo,,2
intn_mrp_oni,Lugar de muestreo,,1
intn_mrp_oni,Manufacturing Order,,1
intn_mrp_oni,MÉTODOS UTILIZADOS,,1
intn_mrp_oni,NOTES,,1
intn_mrp_oni,No se encuentra configurada la secuencia de informe de inspección,,1
intn_mrp_oni,Notes,,6
intn_mrp_oni,ONI Certificate of Noncompletion,,1
intn_mrp_oni,ONI Sampling Report,,1
intn_mrp_oni,ONI sampling report,,1
intn_mrp_oni,ONI sampling reports,,2
intn_mrp_oni,Only draft certificates can be confirmed.,,1
intn_mrp_oni,Only draft or confirmed certificates can be cancelled.,,1
intn_mrp_oni,Order Reference,,1
intn_mrp_oni,Phone,,2
intn_mrp_oni,Results / Determination,,1
intn_mrp_oni,Sampling Place,,1
intn_mrp_oni,Sampling Report,,2
intn_mrp_oni,Sampling Report (PDF),,1
intn_mrp_oni,Sampling report sequence is not configured.,,1
intn_mrp_oni,Sampling reports,,1
intn_mrp_oni,Service Description,,2
intn_mrp_oni,Tipo de Informe,,1
intn_mrp_oni,Técnico,,3
intn_mrp_oni,[NOMBRE Y APELLIDO],,1
intn_mrp_oni,"<span class=""bold"">
                                                            Capacidad:
                                                        </span>",,0
intn_mrp_oni,"<span class=""bold"">
                                                            Fabricante:
                                                        </span>",,0
intn_mrp_oni,Descripcion del/los item(s) de inspeccion:,,0
intn_mrp_oni,INFORME DE TECNICO,,0
intn_mrp_oni,Inspection report sequence is not configured.,,0
intn_mrp_organism_access,Demo Finished DSE S1,,1
intn_mrp_organism_access,Demo Finished DSE S2,,1
intn_mrp_organism_access,Demo Finished OIAT S1,,1
intn_mrp_organism_access,Demo Finished OIAT S2,,1
intn_mrp_organism_access,Demo Finished ONC S1,,1
intn_mrp_organism_access,Demo Finished ONC S2,,1
intn_mrp_organism_access,Demo Finished ONI S1,,1
intn_mrp_organism_access,Demo Finished ONI S2,,1
intn_mrp_organism_access,Demo Finished ONM S1,,1
intn_mrp_organism_access,Demo Finished ONM S2,,1
intn_mrp_organism_access,Demo Finished ONN S1,,1
intn_mrp_organism_access,Demo Finished ONN S2,,1
intn_mrp_organism_access,Done,,1
intn_mrp_organism_access,In progress,,2
intn_mrp_organism_access,MRP DSE,,1
intn_mrp_organism_access,MRP OIAT,,1
intn_mrp_organism_access,MRP ONC,,1
intn_mrp_organism_access,MRP ONI,,1
intn_mrp_organism_access,MRP ONM,,1
intn_mrp_organism_access,MRP ONN,,1
intn_mrp_organism_access,Received,,2
intn_mrp_organism_access,Service done,,1
intn_mrp_organism_access,Service state,,1
intn_mrp_organism_access,You are not allowed to access records from another organism.,,1
intn_mrp_organism_access,You cannot create a manufacturing order outside your organisms.,,1
intn_mrp_organism_access,INTN Coordination,,1
intn_mrp_organism_access,INTN Department,,1
intn_mrp_organism_access,INTN Laboratory,,1
intn_mrp_organism_access,INTN Unit,,1
intn_mrp_organism_access,MRP METCI,,1
intn_mrp_organism_access,Only Manufacturing administrators can create work centers.,,1
intn_mrp_organism_access,Only Manufacturing administrators can modify work centers.,,1
intn_mrp_organism_access,Scrap,,1
intn_mrp_organism_access,Sync work center organism from INTN hierarchy,,1
intn_mrp_organism_access,Work Center,,1
intn_mrp_organism_access,Work center %(wc)s is already assigned to organism %(org)s.,,1
intn_mrp_organism_access,You are not allowed to access scrap records from another organism.,,1
intn_mrp_organism_access,You are not allowed to access work centers from another organism.,,1
intn_mrp_organism_access,You cannot create scrap records outside your organisms.,,1
intn_mrp_statistical_report,Agrupar por,,1
intn_mrp_statistical_report,Año anterior,,1
intn_mrp_statistical_report,Año del Servicio,,2
intn_mrp_statistical_report,Cancelado,,2
intn_mrp_statistical_report,Cant. Servicios por Expediente,,1
intn_mrp_statistical_report,Cantidad,,1
intn_mrp_statistical_report,Cantidad de Servicios,,1
intn_mrp_statistical_report,Cantidad de Servicios por Expediente,,1
intn_mrp_statistical_report,Cuenta 1 por servicio. Usá esta medida en el pivot agrupando por año para comparar interanualmente.,,1
intn_mrp_statistical_report,Departamento,,1
intn_mrp_statistical_report,Departamento Ejecutor,,3
intn_mrp_statistical_report,Display Name,,1
intn_mrp_statistical_report,Estado de Pago,,3
intn_mrp_statistical_report,Estadísticas de Servicios,,2
intn_mrp_statistical_report,Este año,,1
intn_mrp_statistical_report,Este mes,,1
intn_mrp_statistical_report,Facturado,,2
intn_mrp_statistical_report,Fecha del Servicio,,2
intn_mrp_statistical_report,ID,,1
intn_mrp_statistical_report,Mes del Servicio,,1
intn_mrp_statistical_report,No Facturado,,2
intn_mrp_statistical_report,No Pagado,,2
intn_mrp_statistical_report,Nombre de Organización,,1
intn_mrp_statistical_report,Nombre del Departamento,,1
intn_mrp_statistical_report,N° Expediente,,1
intn_mrp_statistical_report,N° Expediente Asociado,,1
intn_mrp_statistical_report,N° de Expediente Asociado,,1
intn_mrp_statistical_report,Orden de Producción,,1
intn_mrp_statistical_report,Organización,,3
intn_mrp_statistical_report,Pagado,,2
intn_mrp_statistical_report,Pedido de Venta,,1
intn_mrp_statistical_report,Producto,,3
intn_mrp_statistical_report,Reportes Estadísticos,,3
intn_mrp_statistical_report,Servicio Prestado,,1
intn_mrp_statistical_report,Statistical Report of Services,,1
intn_mrp_workorder_forwarding,A finished or cancelled work order cannot be cancelled.,,1
intn_mrp_workorder_forwarding,ID,,3
intn_mrp_workorder_forwarding,The current work center is not mapped to an INTN department; cannot forward.,,1
intn_mrp_workorder_forwarding,The source department is missing a Production Work Center; cannot revert.,,1
intn_mrp_workorder_forwarding,The target department must have a Production Work Center configured.,,1
intn_mrp_workorder_forwarding,This work order is already forwarded.,,2
intn_mrp_workorder_forwarding,This work order is not forwarded.,,1
intn_mrp_workorder_forwarding,You can only cancel forwarding in Ready state.,,1
intn_mrp_workorder_forwarding,You can only forward a work order in Ready state.,,2
intn_mrp_workorder_forwarding,You cannot change the work center of a finished work order unless it is being returned to Ready state.,,1
intn_mrp_workorder_forwarding,You cannot change the work center of a work order that is in progress or cancelled.,,1
intn_mrp_workorder_forwarding,Access,,1
intn_mrp_workorder_forwarding,Allowed Users,,1
intn_mrp_workorder_forwarding,Create Internal Request,,1
intn_mrp_workorder_forwarding,Customer,,1
intn_mrp_workorder_forwarding,Expedient,,2
intn_mrp_workorder_forwarding,Finish work orders,,1
intn_mrp_workorder_forwarding,Forward multiple work orders,,1
intn_mrp_workorder_forwarding,Forwarded Receiver User,,1
intn_mrp_workorder_forwarding,Internal Request,,4
intn_mrp_workorder_forwarding,MRP Work Order Internal Request,,1
intn_mrp_workorder_forwarding,No work orders selected for forwarding.,,1
intn_mrp_workorder_forwarding,One or more work orders are already forwarded.,,1
intn_mrp_workorder_forwarding,Reference,,1
intn_mrp_workorder_forwarding,Source Work Center,,1
intn_mrp_workorder_forwarding,Start work orders,,1
intn_mrp_workorder_forwarding,Target Work Center,,1
intn_mrp_workorder_forwarding,Users allowed to start work orders on this work center.,,1
intn_mrp_workorder_forwarding,Work Center,,1
intn_mrp_workorder_forwarding,Work Orders,,1
intn_mrp_workorder_forwarding,You are not allowed to start work orders on this work center.,,1
intn_mrp_workorder_forwarding,You can only forward work orders from the same work center.,,1
intn_mrp_workorder_forwarding,You can only forward work orders that have not been started yet.,,1
intn_mrp_workorder_forwarding,You cannot start a work order while previous operations are not finished.,,1
intn_mrp_workorder_lab_registry,ID,,1
intn_mrp_workorder_lab_registry,Laboratory entry code cannot be changed once set.,,1
intn_onc_certification_requests,1 year,,1
intn_onc_certification_requests,1. Datos de la organizacion,,1
intn_onc_certification_requests,1. Datos del cliente - Solicitante,,2
intn_onc_certification_requests,1.2 Fabricante,,1
intn_onc_certification_requests,2 years,,1
intn_onc_certification_requests,2. Certificacion solicitada,,2
intn_onc_certification_requests,2. Esquema de certificacion,,1
intn_onc_certification_requests,2. Servicio solicitado,,1
intn_onc_certification_requests,2.1 Tipo de solicitud,,1
intn_onc_certification_requests,2.2 Tiempo de certificacion,,1
intn_onc_certification_requests,3 years,,1
intn_onc_certification_requests,3. Alcance de la certificacion,,1
intn_onc_certification_requests,3. Persona con discapacidad,,1
intn_onc_certification_requests,3.1 Alcance del sistema de gestion,,1
intn_onc_certification_requests,3.2 Personal,,1
intn_onc_certification_requests,3.3 Sitios,,1
intn_onc_certification_requests,4. Aclaraciones SGC,,1
intn_onc_certification_requests,4. Fecha tentativa auditoria inicial,,1
intn_onc_certification_requests,4. Idioma,,1
intn_onc_certification_requests,5. Datos de facturacion,,1
intn_onc_certification_requests,7. Autenticidad,,1
intn_onc_certification_requests,8. Declaracion del cliente,,1
intn_onc_certification_requests,"<select name=""certification_scheme"" id=""certification_scheme"" class=""form-select"" required=""required"">
                    <option value="""">Seleccionar esquema...</option>
                    <option value=""type_1b"">Esquema Tipo 1b - Lote de Productos</option>
                    <option value=""type_2"">Esquema Tipo 2 - Marca de Conformidad</option>
                    <option value=""type_4"">Esquema Tipo 4 - Marca de Conformidad</option>
                    <option value=""type_5"">Esquema Tipo 5 - Marca de Conformidad</option>
                    <option value=""type_6"">Esquema Tipo 6 - Marca INTN Servicios</option>
                </select>",,1
intn_onc_certification_requests,"<select name=""certification_years"" class=""form-select onc-scheme-field"">
                    <option value="""">Seleccionar...</option>
                    <option value=""1"">1 ano</option>
                    <option value=""2"">2 anos</option>
                    <option value=""3"">3 anos</option>
                    <option value=""other"">Otro</option>
                </select>",,1
intn_onc_certification_requests,"<select name=""language"" class=""form-select mb-2"" required=""required"">
                <option value=""es"">Espanol</option>
                <option value=""gn"">Guarani</option>
                <option value=""en"">Ingles</option>
                <option value=""pt"">Portugues</option>
                <option value=""other"">Otros</option>
            </select>",,1
intn_onc_certification_requests,"<select name=""norm_code"" class=""form-select"" required=""required"">
                        <option value="""">Norma...</option>
                        <option value=""iso_9001_2015"">ISO 9001:2015</option>
                        <option value=""np_38004_17"">NP 38 004 17</option>
                        <option value=""np_38002_16"">NP 38 002 16</option>
                        <option value=""other"">Otro</option>
                    </select>",,1
intn_onc_certification_requests,"<select name=""request_kind"" class=""form-select onc-scheme-field"">
                    <option value="""">Seleccionar...</option>
                    <option value=""initial"">Inicial</option>
                    <option value=""renewal"">Renovacion</option>
                    <option value=""other"">Otra</option>
                </select>",,1
intn_onc_certification_requests,"<select name=""request_kind"" class=""form-select"" required=""required"">
                        <option value="""">Seleccionar...</option>
                        <option value=""initial"">Inicial</option>
                        <option value=""renewal"">Renovacion</option>
                        <option value=""expansion"">Ampliacion</option>
                        <option value=""reevaluation"">Re-evaluacion</option>
                    </select>",,1
intn_onc_certification_requests,"<select name=""service_kind"" class=""form-select"" required=""required"">
                        <option value="""">Seleccionar...</option>
                        <option value=""pre_audit"">Pre-auditoria</option>
                        <option value=""initial"">Inicial</option>
                        <option value=""renewal"">Renovacion</option>
                        <option value=""expansion_reduction"">Ampliacion / Reduccion</option>
                    </select>",,1
intn_onc_certification_requests,"<span class=""o_stat_text"">ONC Form</span>",,1
intn_onc_certification_requests,<strong>Applicant:</strong>,,1
intn_onc_certification_requests,<strong>ONC Certification Form</strong>,,1
intn_onc_certification_requests,<strong>Organization:</strong>,,1
intn_onc_certification_requests,<strong>Scheme:</strong>,,1
intn_onc_certification_requests,<strong>Scope:</strong>,,1
intn_onc_certification_requests,<strong>Service:</strong>,,1
intn_onc_certification_requests,<strong>Type:</strong>,,1
intn_onc_certification_requests,Acepto los terminos y declaraciones del ONC,,1
intn_onc_certification_requests,"Acepto los terminos y declaraciones del ONC <span class=""text-danger"">*</span>",,3
intn_onc_certification_requests,Aclaracion de firma,,1
intn_onc_certification_requests,Acta constitucion fabricante,,1
intn_onc_certification_requests,Action Needed,,3
intn_onc_certification_requests,Actividades de terceros en el alcance,,1
intn_onc_certification_requests,Actividades o procesos,,1
intn_onc_certification_requests,Activities,,3
intn_onc_certification_requests,Activity Exception Decoration,,3
intn_onc_certification_requests,Activity State,,3
intn_onc_certification_requests,Activity Type Icon,,3
intn_onc_certification_requests,Additional specific regulation documentation,,1
intn_onc_certification_requests,Address,,3
intn_onc_certification_requests,Address is required.,,2
intn_onc_certification_requests,Adjuntos,,1
intn_onc_certification_requests,Alcance,,1
intn_onc_certification_requests,Alcance propuesto,,1
intn_onc_certification_requests,Ampliacion,,1
intn_onc_certification_requests,Ampliacion / Reduccion,,1
intn_onc_certification_requests,Applicant,,2
intn_onc_certification_requests,Applicant Address,,1
intn_onc_certification_requests,Applicant City,,1
intn_onc_certification_requests,Applicant Email,,1
intn_onc_certification_requests,Applicant File Number,,1
intn_onc_certification_requests,Applicant Legal Name,,1
intn_onc_certification_requests,Applicant address is required.,,1
intn_onc_certification_requests,Applicant city is required.,,1
intn_onc_certification_requests,Applicant email is required.,,1
intn_onc_certification_requests,Applicant meets requirements,,1
intn_onc_certification_requests,Applicant name is required.,,1
intn_onc_certification_requests,Application form complete,,1
intn_onc_certification_requests,Area,,2
intn_onc_certification_requests,Area (ej. Direccion),,1
intn_onc_certification_requests,Area (ej. Produccion),,1
intn_onc_certification_requests,At least one site is required.,,1
intn_onc_certification_requests,Attachment Count,,3
intn_onc_certification_requests,Authenticity,,1
intn_onc_certification_requests,Authorized Signatory,,1
intn_onc_certification_requests,Authorized signatory is required.,,1
intn_onc_certification_requests,Autorizaciones de funcionamiento,,1
intn_onc_certification_requests,Billing,,1
intn_onc_certification_requests,Billing Contact,,1
intn_onc_certification_requests,Billing Email,,1
intn_onc_certification_requests,Billing Phone,,1
intn_onc_certification_requests,Billing RUC,,1
intn_onc_certification_requests,Billing RUC is required.,,1
intn_onc_certification_requests,Billing contact is required.,,1
intn_onc_certification_requests,Billing email is required.,,1
intn_onc_certification_requests,Billing name is required.,,1
intn_onc_certification_requests,Billing phone is required.,,1
intn_onc_certification_requests,C.I.C.,,1
intn_onc_certification_requests,"C.I.C. <span class=""text-danger"">*</span>",,1
intn_onc_certification_requests,Cantidad,,1
intn_onc_certification_requests,Cargo,,1
intn_onc_certification_requests,"Cargo contacto <span class=""text-danger"">*</span>",,1
intn_onc_certification_requests,Certificacion ONC,,1
intn_onc_certification_requests,Certificado existencia y representacion legal,,1
intn_onc_certification_requests,Certificado otro organismo,,1
intn_onc_certification_requests,Certificado por otro organismo,,1
intn_onc_certification_requests,Certificate of legal existence and representation,,1
intn_onc_certification_requests,Certification,,1
intn_onc_certification_requests,Certification Period,,1
intn_onc_certification_requests,Certification Request Type,,1
intn_onc_certification_requests,Certification Scheme,,2
intn_onc_certification_requests,Certification period is required.,,1
intn_onc_certification_requests,Certification request type is required.,,1
intn_onc_certification_requests,Certification scheme is required.,,1
intn_onc_certification_requests,Certification scope is required.,,2
intn_onc_certification_requests,Certified by Another Body,,1
intn_onc_certification_requests,City,,1
intn_onc_certification_requests,City is required.,,1
intn_onc_certification_requests,Ciudad,,1
intn_onc_certification_requests,Ciudad / Pais,,1
intn_onc_certification_requests,"Ciudad <span class=""text-danger"">*</span>",,2
intn_onc_certification_requests,Commercial Brand,,1
intn_onc_certification_requests,Commercial trademark registration,,1
intn_onc_certification_requests,Company,,3
intn_onc_certification_requests,Completado por,,1
intn_onc_certification_requests,Completer Role,,1
intn_onc_certification_requests,Completer role is required.,,1
intn_onc_certification_requests,Consultancy / Internal Audit Provider,,1
intn_onc_certification_requests,Consultoria / auditoria interna contratada,,1
intn_onc_certification_requests,Contact Email,,2
intn_onc_certification_requests,Contact Person,,1
intn_onc_certification_requests,Contact Phone,,2
intn_onc_certification_requests,Contact Role,,1
intn_onc_certification_requests,Contact email is required.,,2
intn_onc_certification_requests,Contact name is required.,,1
intn_onc_certification_requests,Contact person is required.,,1
intn_onc_certification_requests,Contact phone is required.,,2
intn_onc_certification_requests,Contact responsible for managing the request.,,3
intn_onc_certification_requests,Contact role is required.,,1
intn_onc_certification_requests,Contacto,,1
intn_onc_certification_requests,"Contacto <span class=""text-danger"">*</span>",,1
intn_onc_certification_requests,"Contacto ONC <span class=""text-danger"">*</span>",,1
intn_onc_certification_requests,Contract Number,,1
intn_onc_certification_requests,Contract number is required for renewal.,,1
intn_onc_certification_requests,Contrato N,,1
intn_onc_certification_requests,Copia documento identidad,,1
intn_onc_certification_requests,Correo,,2
intn_onc_certification_requests,"Correo <span class=""text-danger"">*</span>",,1
intn_onc_certification_requests,Correo contacto,,1
intn_onc_certification_requests,"Correo contacto <span class=""text-danger"">*</span>",,1
intn_onc_certification_requests,Correo electronico,,1
intn_onc_certification_requests,"Correo electronico <span class=""text-danger"">*</span>",,1
intn_onc_certification_requests,Could not create request.,,1
intn_onc_certification_requests,Created by,,5
intn_onc_certification_requests,Created on,,5
intn_onc_certification_requests,Cual organismo,,1
intn_onc_certification_requests,Declaration,,1
intn_onc_certification_requests,Declaration Date,,1
intn_onc_certification_requests,Declaration Place,,1
intn_onc_certification_requests,Declaration date is required.,,1
intn_onc_certification_requests,Declaration place is required.,,1
intn_onc_certification_requests,Declarations Accepted,,3
intn_onc_certification_requests,Detalle SGC,,1
intn_onc_certification_requests,Detalle equipos seguridad,,1
intn_onc_certification_requests,Detalle otra solicitud,,1
intn_onc_certification_requests,Detalle producto similar certificado,,1
intn_onc_certification_requests,Direccion,,1
intn_onc_certification_requests,"Direccion <span class=""text-danger"">*</span>",,3
intn_onc_certification_requests,"Direccion entrega factura <span class=""text-danger"">*</span>",,1
intn_onc_certification_requests,Direccion fabrica,,1
intn_onc_certification_requests,Disability Detail,,1
intn_onc_certification_requests,Display Name,,5
intn_onc_certification_requests,Distancia casa matriz de otros sitios,,1
intn_onc_certification_requests,Documentacion adicional reglamento,,1
intn_onc_certification_requests,Documentacion produccion / SGC,,1
intn_onc_certification_requests,Documento normativo de referencia,,1
intn_onc_certification_requests,Documents,,1
intn_onc_certification_requests,"Ej. Soldadura, Electricidad, Refrigeracion",,1
intn_onc_certification_requests,Email,,1
intn_onc_certification_requests,"Email <span class=""text-danger"">*</span>",,1
intn_onc_certification_requests,"Email contacto <span class=""text-danger"">*</span>",,1
intn_onc_certification_requests,Email is required.,,1
intn_onc_certification_requests,Email representante legal,,1
intn_onc_certification_requests,"Email representante legal <span class=""text-danger"">*</span>",,1
intn_onc_certification_requests,English,,1
intn_onc_certification_requests,Espanol,,1
intn_onc_certification_requests,Especificaciones producto,,1
intn_onc_certification_requests,Especificar otro periodo,,1
intn_onc_certification_requests,Especificar si aplica,,1
intn_onc_certification_requests,Esquema Tipo 1b - Lote de Productos,,1
intn_onc_certification_requests,Esquema Tipo 2 - Marca de Conformidad,,1
intn_onc_certification_requests,Esquema Tipo 4 - Marca de Conformidad,,1
intn_onc_certification_requests,Esquema Tipo 5 - Marca de Conformidad,,1
intn_onc_certification_requests,Esquema Tipo 6 - Marca INTN Servicios,,1
intn_onc_certification_requests,Esquema de certificacion,,1
intn_onc_certification_requests,Evaluation tools available,,1
intn_onc_certification_requests,Examiner available,,1
intn_onc_certification_requests,Excluded Requirements and Justification,,1
intn_onc_certification_requests,Expansion,,1
intn_onc_certification_requests,Expansion / Reduction,,1
intn_onc_certification_requests,Expected Initial Audit Date,,1
intn_onc_certification_requests,Fabricante difiere del solicitante,,1
intn_onc_certification_requests,Factory Address,,1
intn_onc_certification_requests,"Facturas a nombre de <span class=""text-danger"">*</span>",,1
intn_onc_certification_requests,Feasibility Notes,,1
intn_onc_certification_requests,Feasibility Study (ONC internal),,1
intn_onc_certification_requests,"Fecha <span class=""text-danger"">*</span>",,1
intn_onc_certification_requests,Fecha solicitud,,1
intn_onc_certification_requests,"Firmante autorizado <span class=""text-danger"">*</span>",,1
intn_onc_certification_requests,Followers,,3
intn_onc_certification_requests,Followers (Partners),,3
intn_onc_certification_requests,Font awesome icon e.g. fa-tasks,,3
intn_onc_certification_requests,Form Completed By,,1
intn_onc_certification_requests,Form Completion Date,,1
intn_onc_certification_requests,Form completed by is required.,,1
intn_onc_certification_requests,Form completion date is required.,,1
intn_onc_certification_requests,"Free text, e.g. Welding, Electricity, Refrigeration.",,1
intn_onc_certification_requests,Full Name,,1
intn_onc_certification_requests,Full name is required.,,1
intn_onc_certification_requests,Guarani,,2
intn_onc_certification_requests,HQ Distance from Other Sites,,1
intn_onc_certification_requests,Has Message,,3
intn_onc_certification_requests,Headcount,,2
intn_onc_certification_requests,Horarios y turnos,,1
intn_onc_certification_requests,ID,,5
intn_onc_certification_requests,ID Number,,1
intn_onc_certification_requests,ID number is required.,,1
intn_onc_certification_requests,ISO 9001:2015,,2
intn_onc_certification_requests,ISO Certifier,,1
intn_onc_certification_requests,ISO QMS Certified,,1
intn_onc_certification_requests,Icon,,3
intn_onc_certification_requests,Icon to indicate an exception activity.,,3
intn_onc_certification_requests,Identificacion de lote,,1
intn_onc_certification_requests,Identity document copy,,1
intn_onc_certification_requests,Idioma,,1
intn_onc_certification_requests,"If checked, new messages require your attention.",,3
intn_onc_certification_requests,"If checked, some messages have a delivery error.",,6
intn_onc_certification_requests,Ingles,,1
intn_onc_certification_requests,Inicial,,1
intn_onc_certification_requests,Initial,,3
intn_onc_certification_requests,Invalid ONC service type.,,1
intn_onc_certification_requests,Invalid certification scheme.,,1
intn_onc_certification_requests,Invoice Delivery Address,,1
intn_onc_certification_requests,Invoice To,,1
intn_onc_certification_requests,Invoice delivery address is required.,,1
intn_onc_certification_requests,Is Follower,,3
intn_onc_certification_requests,Language,,1
intn_onc_certification_requests,Last Updated by,,5
intn_onc_certification_requests,Last Updated on,,5
intn_onc_certification_requests,Legal Existence Certificate Attached,,1
intn_onc_certification_requests,Legal Name,,1
intn_onc_certification_requests,Legal Representative,,2
intn_onc_certification_requests,Legal Representative Email,,1
intn_onc_certification_requests,Legal representative email is required.,,1
intn_onc_certification_requests,Legal representative is required.,,2
intn_onc_certification_requests,Legalized power of attorney (foreign companies),,1
intn_onc_certification_requests,Lot identification,,1
intn_onc_certification_requests,"Lugar <span class=""text-danger"">*</span>",,1
intn_onc_certification_requests,Main Site,,1
intn_onc_certification_requests,Management System Certification (ONC-FSG-001),,1
intn_onc_certification_requests,Manager,,3
intn_onc_certification_requests,Manufacturer,,1
intn_onc_certification_requests,Manufacturer City / Country,,1
intn_onc_certification_requests,Manufacturer Contact,,1
intn_onc_certification_requests,Manufacturer Differs from Applicant,,1
intn_onc_certification_requests,Manufacturer Email,,1
intn_onc_certification_requests,Manufacturer Email Contact,,1
intn_onc_certification_requests,Manufacturer Legal Name,,1
intn_onc_certification_requests,Manufacturer Phone,,1
intn_onc_certification_requests,Manufacturer incorporation document,,1
intn_onc_certification_requests,Manufacturer name is required.,,1
intn_onc_certification_requests,Marca comercial,,1
intn_onc_certification_requests,Message Delivery error,,3
intn_onc_certification_requests,Messages,,3
intn_onc_certification_requests,My Activity Deadline,,3
intn_onc_certification_requests,N/A,,9
intn_onc_certification_requests,NP 38 002 16,,1
intn_onc_certification_requests,NP 38 004 17,,2
intn_onc_certification_requests,Next Activity Calendar Event,,3
intn_onc_certification_requests,Next Activity Deadline,,3
intn_onc_certification_requests,Next Activity Summary,,3
intn_onc_certification_requests,Next Activity Type,,3
intn_onc_certification_requests,No,,10
intn_onc_certification_requests,No ONC form linked to this request type.,,1
intn_onc_certification_requests,Nombres y apellidos,,1
intn_onc_certification_requests,"Nombres y apellidos <span class=""text-danger"">*</span>",,1
intn_onc_certification_requests,Norma,,1
intn_onc_certification_requests,Norma / documento referencia,,1
intn_onc_certification_requests,Norma...,,1
intn_onc_certification_requests,Number of Actions,,3
intn_onc_certification_requests,Number of errors,,3
intn_onc_certification_requests,Number of messages requiring action,,3
intn_onc_certification_requests,Number of messages with delivery error,,3
intn_onc_certification_requests,ONC - Certification,,1
intn_onc_certification_requests,ONC Certification Requests,,3
intn_onc_certification_requests,ONC Certification Reviewer,,1
intn_onc_certification_requests,ONC Contact Name,,1
intn_onc_certification_requests,ONC Links,,1
intn_onc_certification_requests,ONC Person Certification,,1
intn_onc_certification_requests,ONC Person Certification Form,,1
intn_onc_certification_requests,ONC Person Certification Forms,,1
intn_onc_certification_requests,ONC Person Certification Request (ONC-FPE-001),,1
intn_onc_certification_requests,ONC Product Certification,,1
intn_onc_certification_requests,ONC Product Certification Form,,1
intn_onc_certification_requests,ONC Product Certification Forms,,1
intn_onc_certification_requests,ONC Product Certification Request (ONC-FOR-001),,1
intn_onc_certification_requests,ONC System Certification,,1
intn_onc_certification_requests,ONC System Certification Form,,1
intn_onc_certification_requests,ONC System Certification Forms,,1
intn_onc_certification_requests,ONC System Certification Personnel Line,,1
intn_onc_certification_requests,ONC System Certification Request (ONC-FSG-001),,1
intn_onc_certification_requests,ONC System Certification Site Line,,1
intn_onc_certification_requests,ONC certification request %s created.,,1
intn_onc_certification_requests,ONC certification request - %s,,1
intn_onc_certification_requests,ONC certification service request created from portal.,,1
intn_onc_certification_requests,ONC form record not found.,,1
intn_onc_certification_requests,ONC provides requested service,,1
intn_onc_certification_requests,ONC-FOR-001 - Solicitud de Certificacion de Productos,,2
intn_onc_certification_requests,ONC-FPE-001 - Solicitud de Certificacion de Personas,,2
intn_onc_certification_requests,ONC-FSG-001 - Solicitud de Certificacion de Sistemas de Gestion,,2
intn_onc_certification_requests,ONC-RG-001,,1
intn_onc_certification_requests,ONC-RG-001 conformity statement,,1
intn_onc_certification_requests,ONC-RG-008,,1
intn_onc_certification_requests,ONC-RG-008 conformity statement,,1
intn_onc_certification_requests,ONC: Management System Certification,,1
intn_onc_certification_requests,ONC: Person Certification,,1
intn_onc_certification_requests,ONC: Person Certification (ONC-FPE-001),,1
intn_onc_certification_requests,ONC: Product Certification,,1
intn_onc_certification_requests,ONC: Product Certification (ONC-FOR-001),,1
intn_onc_certification_requests,ONC: System Certification (ONC-FSG-001),,1
intn_onc_certification_requests,Operating Authorizations Attached,,1
intn_onc_certification_requests,Operating Authorizations Required,,1
intn_onc_certification_requests,Operating authorizations,,1
intn_onc_certification_requests,Organismo certificador ISO,,1
intn_onc_certification_requests,Organization,,1
intn_onc_certification_requests,Organization Personnel Total,,1
intn_onc_certification_requests,Organization name is required.,,1
intn_onc_certification_requests,Other,,5
intn_onc_certification_requests,Other Certification Period,,1
intn_onc_certification_requests,Other Certifier Certificate Attached,,1
intn_onc_certification_requests,Other Certifier Name,,1
intn_onc_certification_requests,Other Language,,1
intn_onc_certification_requests,Other Request Detail,,1
intn_onc_certification_requests,Other Standard,,1
intn_onc_certification_requests,Other certification body certificate copy,,1
intn_onc_certification_requests,Other certification period detail is required.,,1
intn_onc_certification_requests,Other certifier name is required.,,1
intn_onc_certification_requests,Other language detail is required.,,1
intn_onc_certification_requests,Other request detail is required.,,1
intn_onc_certification_requests,Other standard detail is required.,,1
intn_onc_certification_requests,Otra norma,,1
intn_onc_certification_requests,Otro idioma,,1
intn_onc_certification_requests,Otros,,1
intn_onc_certification_requests,Person Certification (ONC-FPE-001),,1
intn_onc_certification_requests,Person with Disability (PCD),,1
intn_onc_certification_requests,"Persona de contacto <span class=""text-danger"">*</span>",,1
intn_onc_certification_requests,Personal,,1
intn_onc_certification_requests,Personnel,,1
intn_onc_certification_requests,Personnel by Area,,1
intn_onc_certification_requests,Phone / Fax,,1
intn_onc_certification_requests,Phone / Mobile,,1
intn_onc_certification_requests,Phone is required.,,1
intn_onc_certification_requests,Please specify disability details.,,1
intn_onc_certification_requests,Please specify the language.,,1
intn_onc_certification_requests,Please specify the standard.,,1
intn_onc_certification_requests,Poder legalizado (extranjeras),,1
intn_onc_certification_requests,Portal Service Request Form Layout,,1
intn_onc_certification_requests,Portugues,,1
intn_onc_certification_requests,Portuguese,,1
intn_onc_certification_requests,Pre-audit,,1
intn_onc_certification_requests,Pre-auditoria,,1
intn_onc_certification_requests,Presentacion / caracteristicas,,1
intn_onc_certification_requests,Presentation / Nominal Features,,1
intn_onc_certification_requests,Procesos alcance,,1
intn_onc_certification_requests,Process Continues,,1
intn_onc_certification_requests,Processes / Activities,,1
intn_onc_certification_requests,Product / Family / Process / Service,,1
intn_onc_certification_requests,Product Certification (ONC-FOR-001),,1
intn_onc_certification_requests,Product specifications,,1
intn_onc_certification_requests,Production / QMS documentation,,1
intn_onc_certification_requests,Producto / alcance,,1
intn_onc_certification_requests,"Producto / familia / proceso / servicio <span class=""text-danger"">*</span>",,1
intn_onc_certification_requests,Producto similar certificado,,1
intn_onc_certification_requests,Productos y/o servicios,,1
intn_onc_certification_requests,Products and/or Services,,1
intn_onc_certification_requests,Proposed Certification Scope,,1
intn_onc_certification_requests,QMS Clarifications,,1
intn_onc_certification_requests,QMS Detail,,1
intn_onc_certification_requests,QMS Implementation Time,,1
intn_onc_certification_requests,QMS Implemented,,1
intn_onc_certification_requests,QMS Personnel Total,,1
intn_onc_certification_requests,RUC,,1
intn_onc_certification_requests,"RUC <span class=""text-danger"">*</span>",,2
intn_onc_certification_requests,Ratings,,3
intn_onc_certification_requests,Razon Social,,2
intn_onc_certification_requests,"Razon Social <span class=""text-danger"">*</span>",,1
intn_onc_certification_requests,Razon social,,1
intn_onc_certification_requests,"Razon social <span class=""text-danger"">*</span>",,1
intn_onc_certification_requests,Re-evaluacion,,1
intn_onc_certification_requests,Re-evaluation,,1
intn_onc_certification_requests,Reference Standard,,2
intn_onc_certification_requests,Registro marca MIC,,1
intn_onc_certification_requests,Registro sanitario INAN/DINAVISA,,1
intn_onc_certification_requests,Reglamento especifico,,1
intn_onc_certification_requests,Renewal,,3
intn_onc_certification_requests,Renovacion,,1
intn_onc_certification_requests,Representante Legal,,1
intn_onc_certification_requests,"Representante Legal <span class=""text-danger"">*</span>",,1
intn_onc_certification_requests,Representante legal,,1
intn_onc_certification_requests,"Representante legal <span class=""text-danger"">*</span>",,1
intn_onc_certification_requests,Request,,2
intn_onc_certification_requests,Request Number (ONC),,1
intn_onc_certification_requests,Request Type,,1
intn_onc_certification_requests,Request type is required.,,1
intn_onc_certification_requests,Requested Service,,2
intn_onc_certification_requests,Requested service is required.,,2
intn_onc_certification_requests,Requiere equipos de seguridad para visitas,,1
intn_onc_certification_requests,Requisitos excluibles y justificacion,,1
intn_onc_certification_requests,Responsible User,,3
intn_onc_certification_requests,SMS Delivery error,,3
intn_onc_certification_requests,Safety Equipment Detail,,1
intn_onc_certification_requests,Safety Equipment Required,,1
intn_onc_certification_requests,Safety equipment detail is required.,,1
intn_onc_certification_requests,Sanitary registration (INAN/DINAVISA),,1
intn_onc_certification_requests,Scheme Type 1b - Product Lot,,1
intn_onc_certification_requests,Scheme Type 2 - Conformity Mark,,1
intn_onc_certification_requests,Scheme Type 4 - Conformity Mark,,1
intn_onc_certification_requests,Scheme Type 5 - Conformity Mark,,1
intn_onc_certification_requests,Scheme Type 6 - INTN Services Mark,,1
intn_onc_certification_requests,Scope,,2
intn_onc_certification_requests,Scope Processes / Activities,,1
intn_onc_certification_requests,Seleccionar esquema...,,1
intn_onc_certification_requests,Seleccionar...,,1
intn_onc_certification_requests,Seleccione el tipo de solicitud ONC para cargar el formulario correspondiente.,,1
intn_onc_certification_requests,Sequence,,2
intn_onc_certification_requests,Service,,1
intn_onc_certification_requests,Service Request,,4
intn_onc_certification_requests,Service Type,,1
intn_onc_certification_requests,Service type is required.,,1
intn_onc_certification_requests,Servicio solicitado,,1
intn_onc_certification_requests,"Servicio solicitado <span class=""text-danger"">*</span>",,1
intn_onc_certification_requests,Shifts,,1
intn_onc_certification_requests,Si,,1
intn_onc_certification_requests,Signatory Clarification,,1
intn_onc_certification_requests,Similar Certified Product Detail,,1
intn_onc_certification_requests,Similar Certified Product Exists,,1
intn_onc_certification_requests,Site 2,,1
intn_onc_certification_requests,Site 3,,1
intn_onc_certification_requests,Site Kind,,1
intn_onc_certification_requests,Sites,,2
intn_onc_certification_requests,Sitio,,1
intn_onc_certification_requests,Sitio web,,1
intn_onc_certification_requests,Spanish,,1
intn_onc_certification_requests,Special Needs Detail,,1
intn_onc_certification_requests,Special needs can be met,,1
intn_onc_certification_requests,Special needs exist,,1
intn_onc_certification_requests,Specific regulation conformity statement,,1
intn_onc_certification_requests,Standard,,1
intn_onc_certification_requests,Standard is required.,,1
intn_onc_certification_requests,"Status based on activities
Overdue: Due date is already passed
Today: Activity date is today
Planned: Future activities.",,3
intn_onc_certification_requests,Subcontracted Venue Detail,,1
intn_onc_certification_requests,Subcontracted evaluation venue,,1
intn_onc_certification_requests,Submission Date,,1
intn_onc_certification_requests,Tax ID (RUC),,1
intn_onc_certification_requests,Tax ID is required.,,1
intn_onc_certification_requests,Telefono,,1
intn_onc_certification_requests,Telefono / celular,,1
intn_onc_certification_requests,"Telefono / celular <span class=""text-danger"">*</span>",,1
intn_onc_certification_requests,Telefono / fax,,1
intn_onc_certification_requests,"Telefono <span class=""text-danger"">*</span>",,1
intn_onc_certification_requests,"Telefono contacto <span class=""text-danger"">*</span>",,1
intn_onc_certification_requests,Third-party Activities in Scope,,1
intn_onc_certification_requests,Tiempo implementado SGC,,1
intn_onc_certification_requests,Tiene SGC implementado,,1
intn_onc_certification_requests,Tiene certificacion ISO,,1
intn_onc_certification_requests,Tipo / categoria / modelo,,1
intn_onc_certification_requests,Tipo solicitud,,1
intn_onc_certification_requests,"Tipo solicitud <span class=""text-danger"">*</span>",,1
intn_onc_certification_requests,Total personal organizacion,,1
intn_onc_certification_requests,Turnos,,1
intn_onc_certification_requests,Type / Category / Model / Code,,1
intn_onc_certification_requests,Type of the exception activity on record.,,3
intn_onc_certification_requests,Verifier available,,1
intn_onc_certification_requests,Website,,1
intn_onc_certification_requests,Website Messages,,3
intn_onc_certification_requests,Website communication history,,3
intn_onc_certification_requests,Work Shifts,,1
intn_onc_certification_requests,Yes,,10
intn_onc_certification_requests,You must accept the declarations.,,3
intn_organization_reports,'Sales by organization - %s' % (object.date_from),,1
intn_organization_reports,<strong>Grand total amount</strong>,,1
intn_organization_reports,<strong>Grand total quantity</strong>,,1
intn_organization_reports,<strong>Period:</strong>,,1
intn_organization_reports,<strong>Subtotal</strong>,,1
intn_organization_reports,Cancel,,1
intn_organization_reports,Created by,,1
intn_organization_reports,Created on,,1
intn_organization_reports,Date from,,1
intn_organization_reports,Date from cannot be after date to.,,1
intn_organization_reports,Date to,,1
intn_organization_reports,Display Name,,1
intn_organization_reports,ID,,1
intn_organization_reports,Last Updated by,,1
intn_organization_reports,Last Updated on,,1
intn_organization_reports,Leave empty to include every organization with sales in the period.,,1
intn_organization_reports,No sale lines with an organization were found for this period.,,1
intn_organization_reports,Order,,1
intn_organization_reports,Organization reports,,1
intn_organization_reports,Organizations,,1
intn_organization_reports,Print PDF,,1
intn_organization_reports,Product,,1
intn_organization_reports,Qty,,1
intn_organization_reports,Sales by Organization Report Wizard,,1
intn_organization_reports,Sales by organization,,5
intn_organization_reports,Subtotal,,1
intn_partner_credit_limit,Cash Restriction,,1
intn_partner_credit_limit,Credit Customers,,3
intn_partner_credit_limit,"The customer ""%(name)s"" has exceeded their credit limit (%(credit)s / %(limit)s). Contact a Credit Manager to authorize this order.",,1
intn_partner_credit_limit,"The customer ""%(name)s"" is not authorized for credit. Contact a Credit Manager to authorize this order.",,1
intn_partner_credit_limit,"The customer ""%(name)s"" is restricted to cash payment. Please select an immediate payment term.",,1
intn_partner_credit_limit,This customer is restricted to cash payment. Please select an immediate payment term.,,1
intn_portal_fleet_cistern,Access denied,,1
intn_portal_fleet_cistern,Access denied.,,1
intn_portal_fleet_cistern,Attendance can only be confirmed within %(hours)s hours before the appointment.,,1
intn_portal_fleet_cistern,Attendance cannot be confirmed for this request.,,1
intn_portal_fleet_cistern,Attendance confirmed.,,1
intn_portal_fleet_cistern,Brand creation is not available in the portal.,,1
intn_portal_fleet_cistern,Brand is required.,,1
intn_portal_fleet_cistern,Capacity is required,,1
intn_portal_fleet_cistern,Chassis number is required.,,1
intn_portal_fleet_cistern,Cistern plate is required.,,1
intn_portal_fleet_cistern,Contact name and phone are required.,,1
intn_portal_fleet_cistern,Download is disabled for this certificate type.,,3
intn_portal_fleet_cistern,Download limit reached for this certificate.,,1
intn_portal_fleet_cistern,Duplicated vehicle data detected.,,1
intn_portal_fleet_cistern,Emblem creation is not available in the portal.,,1
intn_portal_fleet_cistern,Invalid appointment date.,,1
intn_portal_fleet_cistern,Invalid product to transport selection.,,1
intn_portal_fleet_cistern,Invalid service type.,,1
intn_portal_fleet_cistern,Invalid trailer selection.,,1
intn_portal_fleet_cistern,Invalid vehicle selection.,,1
intn_portal_fleet_cistern,Limite de agendamientos alcanzado para la fecha. La siguiente fecha sugerida es: %s,,1
intn_portal_fleet_cistern,Missing appointment date.,,1
intn_portal_fleet_cistern,Missing required fields,,1
intn_portal_fleet_cistern,Model creation is not available in the portal.,,1
intn_portal_fleet_cistern,Model is required.,,1
intn_portal_fleet_cistern,New trailers can only be registered when the service type is Initial Verification.,,1
intn_portal_fleet_cistern,New trucks can only be registered when the service type is Initial Verification.,,1
intn_portal_fleet_cistern,No puede seleccionar fuera del horario establecido por INTN: %s,,1
intn_portal_fleet_cistern,Product to transport is required.,,1
intn_portal_fleet_cistern,Request cancelled successfully.,,1
intn_portal_fleet_cistern,Request rescheduled successfully.,,1
intn_portal_fleet_cistern,Service Request,,1
intn_portal_fleet_cistern,Service Request - %s,,1
intn_portal_fleet_cistern,Service request created from portal,,1
intn_portal_fleet_cistern,Service type is required.,,1
intn_portal_fleet_cistern,The maximum number of portal downloads for this certificate has been reached.,,2
intn_portal_fleet_cistern,This chassis number is already registered.,,1
intn_portal_fleet_cistern,This cistern plate is already registered.,,1
intn_portal_fleet_cistern,This license plate is already registered.,,1
intn_portal_fleet_cistern,This request cannot be cancelled.,,1
intn_portal_fleet_cistern,This request cannot be rescheduled.,,1
intn_portal_fleet_cistern,Trailer plate is required.,,1
intn_portal_fleet_cistern,Truck license plate is required.,,1
intn_portal_fleet_cistern,Vehicle not found.,,1
intn_portal_fleet_cistern,You cannot use this vehicle for this request.,,1
intn_portal_fleet_cistern,You must select a trailer.,,1
intn_portal_fleet_cistern,You must select a vehicle.,,1
intn_portal_fleet_cistern,Your appointment is in less than %(hours)s hours. Cancelling now will result in a 30-day scheduling restriction.,,1
intn_portal_fleet_requests,<strong>Tipo de Transporte:</strong>,,1
intn_portal_fleet_requests,Adjuntar archivo,,1
intn_portal_fleet_requests,Cerrar,,1
intn_portal_fleet_requests,Documento,,1
intn_portal_fleet_requests,"No puede reservar en la fecha: Limite de agendamientos alcanzado, la siguiente fecha es para: %s",,1
intn_portal_fleet_requests,No puede seleccionar fuera del horario establecido por INTN: %s,,1
intn_portal_fleet_requests,"Nuevo
                                                                acoplado",,1
intn_portal_fleet_requests,<strong>Contact:</strong>,,1
intn_portal_fleet_requests,<strong>Mobile:</strong>,,1
intn_portal_fleet_requests,<strong>Request Date:</strong>,,1
intn_portal_fleet_requests,"<strong>Restricción de Agendamiento:</strong>
                                        Usted posee una restricción de agendamiento por 30 días
                                        debido a una inasistencia o cancelación tardía previa.
                                        Disponible a partir del",,1
intn_portal_fleet_requests,Acoplado,,2
intn_portal_fleet_requests,Approve document,,1
intn_portal_fleet_requests,Attendance Confirmed,,1
intn_portal_fleet_requests,Attendance Confirmed On,,1
intn_portal_fleet_requests,Authorized Driver Email,,2
intn_portal_fleet_requests,Authorized Driver ID,,2
intn_portal_fleet_requests,Authorized Driver Name,,2
intn_portal_fleet_requests,Authorized Driver Phone,,2
intn_portal_fleet_requests,Camion,,2
intn_portal_fleet_requests,Cancelar,,2
intn_portal_fleet_requests,Cancelar solicitud,,1
intn_portal_fleet_requests,Cancellation notice period (hours),,2
intn_portal_fleet_requests,Capacidad Nominal del Tanque de Carga,,1
intn_portal_fleet_requests,Certificate Modification,,1
intn_portal_fleet_requests,Certificate Modification Type,,1
intn_portal_fleet_requests,Certificate modification type is required.,,1
intn_portal_fleet_requests,Confirmar cancelación,,1
intn_portal_fleet_requests,Contact,,1
intn_portal_fleet_requests,Contact Email,,2
intn_portal_fleet_requests,Contact ID Document,,2
intn_portal_fleet_requests,Contado,,1
intn_portal_fleet_requests,Correo Electrónico,,1
intn_portal_fleet_requests,Credito,,1
intn_portal_fleet_requests,Current Data,,1
intn_portal_fleet_requests,Cédula,,1
intn_portal_fleet_requests,Datos Basicos,,1
intn_portal_fleet_requests,Datos actuales,,1
intn_portal_fleet_requests,Datos de Conductor Autorizado,,2
intn_portal_fleet_requests,Datos del Representante Legal de la Empresa,,2
intn_portal_fleet_requests,Datos del contacto de la empresa,,2
intn_portal_fleet_requests,Declaracion jurada,,1
intn_portal_fleet_requests,Document Review,,1
intn_portal_fleet_requests,"El presente documento y los datos consignados tendran caracter de declaracion
                    jurada, y su falsedad hara responsable civil y penalmente al recurrente.
                    Se solicita avisar 48 horas antes si tienen algun inconveniente para asistir.",,1
intn_portal_fleet_requests,Emblem,,2
intn_portal_fleet_requests,Emblema actual,,1
intn_portal_fleet_requests,Enviar solicitud,,2
intn_portal_fleet_requests,Fecha de agendamiento,,1
intn_portal_fleet_requests,Filtra los camiones y acoplados registrados para la sucursal.,,1
intn_portal_fleet_requests,Finalize,,1
intn_portal_fleet_requests,Fleet No Show,,2
intn_portal_fleet_requests,Fleet No Show Date,,2
intn_portal_fleet_requests,Fleet Scheduling Restriction Active,,2
intn_portal_fleet_requests,Formulario no disponible para este servicio.,,1
intn_portal_fleet_requests,Habilitation Expiry Date,,1
intn_portal_fleet_requests,Habilitation Number,,1
intn_portal_fleet_requests,Hora,,1
intn_portal_fleet_requests,Instrument %(index)s: %(label)s is required.,,1
intn_portal_fleet_requests,Instrument %(index)s: Model does not belong to the selected brand.,,1
intn_portal_fleet_requests,Instrument %(index)s: Nozzle Count must be at least 1.,,1
intn_portal_fleet_requests,Instrument Type,,1
intn_portal_fleet_requests,Internacional,,1
intn_portal_fleet_requests,Invalid certificate modification type.,,1
intn_portal_fleet_requests,"La capacidad del vehículo supera el límite diario de
                        atención. No hay fechas disponibles para este litrajé.
                        Contacte a INTN para más información.",,1
intn_portal_fleet_requests,Legal Representative Email,,2
intn_portal_fleet_requests,Legal Representative ID,,2
intn_portal_fleet_requests,Legal Representative Name,,2
intn_portal_fleet_requests,Legal Representative Phone,,2
intn_portal_fleet_requests,Los documentos requeridos dependen del tipo de solicitud seleccionado.,,1
intn_portal_fleet_requests,Los días sin cupo aparecen deshabilitados.,,1
intn_portal_fleet_requests,Manufacturer,,2
intn_portal_fleet_requests,Manufacturing Year,,1
intn_portal_fleet_requests,Minimum hours before the appointment for a penalty-free cancellation. Cancellations within this window trigger a 30-day scheduling restriction.,,1
intn_portal_fleet_requests,Model approval request %s created.,,1
intn_portal_fleet_requests,Model approval request - %s,,1
intn_portal_fleet_requests,Model approval request from portal.,,1
intn_portal_fleet_requests,Nacional,,1
intn_portal_fleet_requests,New Company Name,,1
intn_portal_fleet_requests,New Emblem,,1
intn_portal_fleet_requests,New RUC,,1
intn_portal_fleet_requests,New RUC is required.,,1
intn_portal_fleet_requests,New RUC must differ from the current RUC.,,1
intn_portal_fleet_requests,New company name is required.,,1
intn_portal_fleet_requests,New company name must differ from the current name.,,1
intn_portal_fleet_requests,New emblem is required.,,1
intn_portal_fleet_requests,New emblem must differ from the current emblem.,,1
intn_portal_fleet_requests,Nombre,,1
intn_portal_fleet_requests,Nombre de contacto,,1
intn_portal_fleet_requests,Nominal Loading Tank Capacity,,1
intn_portal_fleet_requests,Nueva razón social,,1
intn_portal_fleet_requests,Nuevo Camión Tanque,,3
intn_portal_fleet_requests,Nuevo RUC,,1
intn_portal_fleet_requests,Nuevo acoplado,,2
intn_portal_fleet_requests,Nuevo emblema,,1
intn_portal_fleet_requests,Nuevos datos,,1
intn_portal_fleet_requests,Observe,,1
intn_portal_fleet_requests,Operating Range,,1
intn_portal_fleet_requests,Portal Service Request Form Layout,,1
intn_portal_fleet_requests,Previous Company Name,,1
intn_portal_fleet_requests,Previous Emblem,,1
intn_portal_fleet_requests,Previous RUC,,1
intn_portal_fleet_requests,Previous RUC is required.,,1
intn_portal_fleet_requests,Previous company name is required.,,1
intn_portal_fleet_requests,Previous emblem is required.,,1
intn_portal_fleet_requests,Principal,,2
intn_portal_fleet_requests,Producto a ser transportado,,1
intn_portal_fleet_requests,RUC actual,,1
intn_portal_fleet_requests,Razón social actual,,1
intn_portal_fleet_requests,Reject document,,1
intn_portal_fleet_requests,Requested Changes,,1
intn_portal_fleet_requests,Reset review,,1
intn_portal_fleet_requests,Se completa al seleccionar vehiculo,,1
intn_portal_fleet_requests,Se completa automaticamente al seleccionar el vehiculo.,,1
intn_portal_fleet_requests,Seleccionar acoplado,,2
intn_portal_fleet_requests,Seleccionar camion,,2
intn_portal_fleet_requests,Seleccionar fecha y hora,,1
intn_portal_fleet_requests,Seleccionar producto,,1
intn_portal_fleet_requests,Seleccionar tipo,,1
intn_portal_fleet_requests,Select an emblem,,1
intn_portal_fleet_requests,Serial Number,,1
intn_portal_fleet_requests,Service Request Service Catalog,,1
intn_portal_fleet_requests,Siguiente: Adjuntos,,1
intn_portal_fleet_requests,Sucursal,,2
intn_portal_fleet_requests,Telefono de contacto,,1
intn_portal_fleet_requests,Teléfono,,1
intn_portal_fleet_requests,The maximum number of portal downloads for this report has been reached.,,1
intn_portal_fleet_requests,Tipo de Modificación,,1
intn_portal_fleet_requests,Tipo de Transporte,,1
intn_portal_fleet_requests,Tipo de factura,,1
intn_portal_fleet_requests,Tipo de modificación,,1
intn_portal_fleet_requests,Total estimado del servicio:,,1
intn_portal_fleet_requests,Volver,,1
intn_portal_fleet_requests,Volver: Datos Basicos,,1
intn_portal_fleet_requests,¿Está seguro de que desea cancelar esta solicitud?,,1
intn_portal_fleet_requests,"<i class=""fa fa-arrow-left me-2""/>Volver:
                                                                Datos Básicos",,0
intn_portal_fleet_requests,"<i class=""fa fa-check me-2""/>Enviar
                                                                solicitud",,0
intn_portal_fleet_requests,"<i class=""fa fa-file-text me-1""/>Datos
                                                        Básicos",,0
intn_portal_fleet_requests,"<i class=""fa fa-info-circle me-1""/> Los
                                                        documentos requeridos dependen del tipo de
                                                        solicitud seleccionado.",,0
intn_portal_fleet_requests,"<i class=""fa fa-paperclip me-1""/>Adjuntos",,0
intn_portal_fleet_requests,"<option value="""">Seleccionar tipo de
                                                                    solicitud</option>",,0
intn_portal_fleet_requests,"<span class=""fw-semibold"">Copia
                                                                            de la Habilitación de
                                                                            DINATRAN</span>
                                                                        <span class=""text-danger ms-1"">
                                                                            *</span>",,0
intn_portal_fleet_requests,"<span class=""fw-semibold"">Copia
                                                                            de la cédula verde
                                                                            (ambas caras)</span>
                                                                        <span class=""text-danger ms-1"">
                                                                            *</span>
                                                                        <br/>
                                                                        <small class=""text-muted"">Debe
                                                                            cargar frente y dorso por
                                                                            separado</small>",,0
intn_portal_fleet_requests,"<span class=""fw-semibold"">Copia
                                                                            del último certificado
                                                                            de verificación
                                                                            (anterior)</span>
                                                                        <span class=""text-danger ms-1"">
                                                                            *</span>",,0
intn_portal_fleet_requests,"<span class=""text-muted"">Estimated service subtotal (excl. taxes):</span>",,0
intn_portal_fleet_requests,Access denied,,0
intn_portal_fleet_requests,Brand and model are required for each equipment line.,,0
intn_portal_fleet_requests,Brand creation is not available in the portal.,,0
intn_portal_fleet_requests,Brand is required.,,0
intn_portal_fleet_requests,Capacity is required,,0
intn_portal_fleet_requests,"Category <span class=""text-danger"">*</span>",,0
intn_portal_fleet_requests,Chassis number is required.,,0
intn_portal_fleet_requests,Cistern plate is required.,,0
intn_portal_fleet_requests,Contact name and phone are required.,,0
intn_portal_fleet_requests,Green ID card,,0
intn_portal_fleet_requests,DINATRAN habilitation document,,0
intn_portal_fleet_requests,HPM dangerous goods permit card,,0
intn_portal_fleet_requests,Habilitation certificate,,0
intn_portal_fleet_requests,DINATRAN habilitation copy,,0
intn_portal_fleet_requests,"Declaración
                                                            jurada",,0
intn_portal_fleet_requests,Dorso,,0
intn_portal_fleet_requests,Duplicated vehicle data detected.,,0
intn_portal_fleet_requests,"El presente documento y los datos
                                                            consignados tendrán carácter de
                                                            declaración jurada,
                                                            y su falsedad hará responsable civil y
                                                            penalmente al recurrente.
                                                            Se solicita avisar 48 horas antes si
                                                            tienen algún inconveniente para asistir.",,0
intn_portal_fleet_requests,Emblem contact name and phone are required.,,0
intn_portal_fleet_requests,Emblem creation is not available in the portal.,,0
intn_portal_fleet_requests,Fleet,,0
intn_portal_fleet_requests,Frente,,0
intn_portal_fleet_requests,Invalid appointment date.,,0
intn_portal_fleet_requests,Invalid product to transport selection.,,0
intn_portal_fleet_requests,Invalid trailer selection.,,0
intn_portal_fleet_requests,Invalid vehicle selection.,,0
intn_portal_fleet_requests,Limite de agendamientos alcanzado para la fecha. La siguiente fecha sugerida es: %s,,0
intn_portal_fleet_requests,Metrology,,0
intn_portal_fleet_requests,Missing appointment date.,,0
intn_portal_fleet_requests,Missing required fields,,0
intn_portal_fleet_requests,Model creation is not available in the portal.,,0
intn_portal_fleet_requests,Model is required.,,0
intn_portal_fleet_requests,New trailers can only be registered when the service type is Initial Verification.,,0
intn_portal_fleet_requests,New trucks can only be registered when the service type is Initial Verification.,,0
intn_portal_fleet_requests,Nuevo camión,,0
intn_portal_fleet_requests,Product to transport is required.,,0
intn_portal_fleet_requests,Service Request - %s,,0
intn_portal_fleet_requests,Service request created from portal,,0
intn_portal_fleet_requests,This chassis number is already registered.,,0
intn_portal_fleet_requests,This cistern plate is already registered.,,0
intn_portal_fleet_requests,This license plate is already registered.,,0
intn_portal_fleet_requests,"Tipo de Solicitud <span class=""text-danger"">*</span>",,0
intn_portal_fleet_requests,Trailer plate is required.,,0
intn_portal_fleet_requests,Truck license plate is required.,,0
intn_portal_fleet_requests,Verification certificate,,0
intn_portal_fleet_requests,You cannot use this vehicle for this request.,,0
intn_portal_fleet_requests,You must select a trailer.,,0
intn_portal_fleet_requests,You must select a vehicle.,,0
intn_portal_fleet_requests,Organization and department are required.,,0
intn_portal_fleet_requests,Access denied.,,0
intn_portal_fleet_requests,This request cannot be cancelled.,,0
intn_portal_fleet_requests,Your appointment is in less than 48 hours. Cancelling now will result in a 30-day scheduling restriction.,,0
intn_portal_fleet_requests,Request cancelled successfully.,,0
intn_portal_helpdesk,<strong>Total:</strong>,,1
intn_portal_helpdesk,Cannot create sale order: Customer is required. Please set a customer for this ticket.,,1
intn_portal_helpdesk,Cannot create sale order: No service lines found. Please add at least one service line to the ticket.,,1
intn_portal_helpdesk,Cannot create sale order: Product(s) '%s' cannot be sold. Please check product configuration.,,1
intn_portal_helpdesk,Error creating sale order: %s,,1
intn_portal_helpdesk,Subtotal,,2
intn_portal_helpdesk,Ticket %s,,1
intn_portal_helpdesk,Total,,3
intn_portal_hybrid_auth,"<option value="""">Seleccione...</option>",,1
intn_portal_hybrid_auth,Another user is already registered using this email address.,,1
intn_portal_hybrid_auth,"Como ciudadano paraguayo, debe utilizar obligatoriamente su Identidad Electrónica del MITIC para acceder",,1
intn_portal_hybrid_auth,"Confirmar contraseña <span style=""color:red"">*</span>",,1
intn_portal_hybrid_auth,"Contraseña <span style=""color:red"">*</span>",,1
intn_portal_hybrid_auth,"Correo Electrónico <span style=""color:red"">*</span>",,1
intn_portal_hybrid_auth,Could not create a new account.,,1
intn_portal_hybrid_auth,"Documento Extranjero <span style=""color:red"">*</span>",,1
intn_portal_hybrid_auth,El registro manual solo está disponible para usuarios extranjeros.,,1
intn_portal_hybrid_auth,Email is required.,,1
intn_portal_hybrid_auth,Foreign identity document number is required.,,1
intn_portal_hybrid_auth,Foreign identity document type is required.,,1
intn_portal_hybrid_auth,Full name is required.,,1
intn_portal_hybrid_auth,ID Extranjera,,1
intn_portal_hybrid_auth,Iniciar sesión con Identidad Electrónica (Solo Paraguayos),,3
intn_portal_hybrid_auth,Los datos de identidad provienen de MITIC y no pueden editarse manualmente.,,1
intn_portal_hybrid_auth,MITIC,,1
intn_portal_hybrid_auth,MITIC did not return the required identity data.,,1
intn_portal_hybrid_auth,MITIC identity data cannot be edited manually once the record is locked.,,2
intn_portal_hybrid_auth,Nationality validation service is currently unavailable. Please try again later.,,1
intn_portal_hybrid_auth,Nationality validation service is not configured.,,1
intn_portal_hybrid_auth,"Nombre y Apellido completo <span style=""color:red"">*</span>",,1
intn_portal_hybrid_auth,"Número de Documento <span style=""color:red"">*</span>",,1
intn_portal_hybrid_auth,Pasaporte,,1
intn_portal_hybrid_auth,Passwords do not match; please retype them.,,1
intn_portal_hybrid_auth,Please choose one of the available access options.,,1
intn_portal_hybrid_auth,Registro manual exclusivo para usuarios extranjeros.,,1
intn_portal_hybrid_auth,Registro manual extranjero,,1
intn_portal_hybrid_auth,Soy Extranjero / Registro Manual,,2
intn_portal_hybrid_auth,Suspicious activity detected by Google reCaptcha.,,1
intn_portal_hybrid_auth,Volver a las opciones de acceso,,1
intn_portal_hybrid_auth,document_number,,1
intn_portal_hybrid_auth,https://identity.example.com/check,,1
intn_portal_hybrid_auth,https://mitic.example.com/oauth2/authorize,,1
intn_portal_hybrid_auth,https://mitic.example.com/oauth2/userinfo,,1
intn_portal_hybrid_auth,portal-intn-client-id,,1
intn_portal_metrology_dispenser_requests,%s is not valid.,,1
intn_portal_metrology_dispenser_requests,%s is required.,,2
intn_portal_metrology_dispenser_requests,'Model Approval Certificate - %s' % (object.name),,1
intn_portal_metrology_dispenser_requests,'Model Approval Requirements',,1
intn_portal_metrology_dispenser_requests,'Technical Rejection - %s' % (object.name),,1
intn_portal_metrology_dispenser_requests,'Temporary Habilitation - %s' % (object.name),,1
intn_portal_metrology_dispenser_requests,'Verification Sheet - %s' % (object.name),,1
intn_portal_metrology_dispenser_requests,2. Identificacion del instrumento de medicion bajo control,,1
intn_portal_metrology_dispenser_requests,3. Inspeccion visual (Check List Cumple / No Cumple),,1
intn_portal_metrology_dispenser_requests,4. Ensayos de exactitud volumetrica (picos de surtidores),,1
intn_portal_metrology_dispenser_requests,4.4 Precintos,,1
intn_portal_metrology_dispenser_requests,"<div style=""margin: 0px; padding: 0px;"">
                    <p>A new metrology dispenser service request has been submitted.</p>
                    <ul>
                        <li><strong>Request:</strong> {{ object.name or '' }}</li>
                        <li><strong>Service type:</strong> {{ object.service_type_label or '' }}</li>
                        <li><strong>Ticket:</strong> {{ object.ticket_id.display_name or '' }}</li>
                        <li><strong>Customer:</strong> {{ object.ticket_id.partner_id.display_name or '' }}</li>
                    </ul>
                    <p><a t-attf-href=""/odoo/action-intn_portal_metrology_dispenser_requests.action_metrology_dispenser_service_request/{{ object.id }}"">Open in backend</a></p>
                </div>
            ",,1
intn_portal_metrology_dispenser_requests,<strong>Ciudad:</strong>,,1
intn_portal_metrology_dispenser_requests,<strong>Correo de facturacion:</strong>,,1
intn_portal_metrology_dispenser_requests,<strong>Empresa:</strong>,,1
intn_portal_metrology_dispenser_requests,<strong>Fecha de emision:</strong>,,1
intn_portal_metrology_dispenser_requests,<strong>Numero:</strong>,,1
intn_portal_metrology_dispenser_requests,<strong>Solicitud:</strong>,,1
intn_portal_metrology_dispenser_requests,APROBADO,,1
intn_portal_metrology_dispenser_requests,Accessories,,1
intn_portal_metrology_dispenser_requests,Action Needed,,3
intn_portal_metrology_dispenser_requests,Active,,10
intn_portal_metrology_dispenser_requests,Activities,,4
intn_portal_metrology_dispenser_requests,Activity Exception Decoration,,3
intn_portal_metrology_dispenser_requests,Activity State,,3
intn_portal_metrology_dispenser_requests,Activity Type Icon,,3
intn_portal_metrology_dispenser_requests,Address,,2
intn_portal_metrology_dispenser_requests,Agregar instrumento,,1
intn_portal_metrology_dispenser_requests,Agregue al menos un instrumento. Cada instrumento requiere los campos obligatorios y una hoja tecnica.,,1
intn_portal_metrology_dispenser_requests,All checklist items must have a result (Complies / Does Not Comply).,,1
intn_portal_metrology_dispenser_requests,All nozzle tests must have an approved/rejected result.,,1
intn_portal_metrology_dispenser_requests,Annual Periodic,,1
intn_portal_metrology_dispenser_requests,Ano de fabricacion,,1
intn_portal_metrology_dispenser_requests,Ano fab.,,1
intn_portal_metrology_dispenser_requests,Approve document,,1
intn_portal_metrology_dispenser_requests,Approved,,4
intn_portal_metrology_dispenser_requests,Aprobacion de modelo,,1
intn_portal_metrology_dispenser_requests,Aprobacion de modelo N° (si corresponde),,1
intn_portal_metrology_dispenser_requests,Archived,,10
intn_portal_metrology_dispenser_requests,Area clasificada,,1
intn_portal_metrology_dispenser_requests,Attachment Count,,3
intn_portal_metrology_dispenser_requests,Brand (catalog),,1
intn_portal_metrology_dispenser_requests,Buscar emblema...,,1
intn_portal_metrology_dispenser_requests,Buscar fabricante...,,1
intn_portal_metrology_dispenser_requests,Buscar marca...,,1
intn_portal_metrology_dispenser_requests,C,,1
intn_portal_metrology_dispenser_requests,CMD 1687 SK,,1
intn_portal_metrology_dispenser_requests,Cantidad,,1
intn_portal_metrology_dispenser_requests,Cantidad (picos),,1
intn_portal_metrology_dispenser_requests,Cantidad de picos,,1
intn_portal_metrology_dispenser_requests,Cargando...,,1
intn_portal_metrology_dispenser_requests,Caudal minimo / maximo,,1
intn_portal_metrology_dispenser_requests,Certificado de Aprobacion de Modelo,,1
intn_portal_metrology_dispenser_requests,City,,1
intn_portal_metrology_dispenser_requests,City is not valid.,,2
intn_portal_metrology_dispenser_requests,City is required.,,2
intn_portal_metrology_dispenser_requests,Ciudad,,2
intn_portal_metrology_dispenser_requests,Classification,,2
intn_portal_metrology_dispenser_requests,Classification Date,,2
intn_portal_metrology_dispenser_requests,Classification Rule,,1
intn_portal_metrology_dispenser_requests,Classification Rules,,4
intn_portal_metrology_dispenser_requests,Classified By,,2
intn_portal_metrology_dispenser_requests,Classified Department,,2
intn_portal_metrology_dispenser_requests,Classify,,2
intn_portal_metrology_dispenser_requests,Clinical thermometer,,2
intn_portal_metrology_dispenser_requests,Cod.,,1
intn_portal_metrology_dispenser_requests,Company Email,,4
intn_portal_metrology_dispenser_requests,Company name does not match your registered company.,,2
intn_portal_metrology_dispenser_requests,Complementary,,1
intn_portal_metrology_dispenser_requests,Complemento de Certificado de Aprobacion de Modelo,,1
intn_portal_metrology_dispenser_requests,Complies,,1
intn_portal_metrology_dispenser_requests,Confirm Evaluation,,1
intn_portal_metrology_dispenser_requests,Consulte la documentacion exigida antes de enviar la solicitud.,,1
intn_portal_metrology_dispenser_requests,Contact Email,,1
intn_portal_metrology_dispenser_requests,Contact Person,,2
intn_portal_metrology_dispenser_requests,Contact Phone,,1
intn_portal_metrology_dispenser_requests,Control Functionality,,1
intn_portal_metrology_dispenser_requests,Control Functionality (6.19-6.30.3),,1
intn_portal_metrology_dispenser_requests,Correo,,2
intn_portal_metrology_dispenser_requests,Correo Electronico,,1
intn_portal_metrology_dispenser_requests,Correo electronico,,1
intn_portal_metrology_dispenser_requests,Could not generate the temporary habilitation PDF for %s.,,1
intn_portal_metrology_dispenser_requests,Create a brand for metrology model approval requests.,,1
intn_portal_metrology_dispenser_requests,Create a measure unit for operating range fields.,,1
intn_portal_metrology_dispenser_requests,Create a model linked to an instrument brand.,,1
intn_portal_metrology_dispenser_requests,Create an instrument type for metrology service requests.,,1
intn_portal_metrology_dispenser_requests,Created by,,11
intn_portal_metrology_dispenser_requests,Created on,,11
intn_portal_metrology_dispenser_requests,Date,,1
intn_portal_metrology_dispenser_requests,Date declared by the customer on the portal form.,,2
intn_portal_metrology_dispenser_requests,Date is not valid.,,1
intn_portal_metrology_dispenser_requests,Date is required.,,1
intn_portal_metrology_dispenser_requests,Datos administrativos para la facturacion,,1
intn_portal_metrology_dispenser_requests,Datos del Fabricante,,1
intn_portal_metrology_dispenser_requests,Datos del Instrumento,,1
intn_portal_metrology_dispenser_requests,Datos del Solicitante,,1
intn_portal_metrology_dispenser_requests,Datos del instrumento,,1
intn_portal_metrology_dispenser_requests,Default area for technical classification.,,1
intn_portal_metrology_dispenser_requests,Deliverer,,1
intn_portal_metrology_dispenser_requests,Deliverer Email,,1
intn_portal_metrology_dispenser_requests,Deliverer Name,,1
intn_portal_metrology_dispenser_requests,Deliverer Phone,,1
intn_portal_metrology_dispenser_requests,Departamento,,2
intn_portal_metrology_dispenser_requests,Department,,1
intn_portal_metrology_dispenser_requests,Department is not valid.,,2
intn_portal_metrology_dispenser_requests,Department is required.,,2
intn_portal_metrology_dispenser_requests,Descarga de Requisitos,,1
intn_portal_metrology_dispenser_requests,Descarga residual (ml),,1
intn_portal_metrology_dispenser_requests,Descargar requisitos (PDF),,1
intn_portal_metrology_dispenser_requests,Direccion,,2
intn_portal_metrology_dispenser_requests,Dispenser,,1
intn_portal_metrology_dispenser_requests,Dispenser Nozzle Volumetric Test,,1
intn_portal_metrology_dispenser_requests,Dispenser Technical Verification,,1
intn_portal_metrology_dispenser_requests,Dispenser Visual Inspection Checklist Line,,1
intn_portal_metrology_dispenser_requests,Dispenser nozzles,,1
intn_portal_metrology_dispenser_requests,Display Name,,11
intn_portal_metrology_dispenser_requests,Document Review,,2
intn_portal_metrology_dispenser_requests,Document Validation Done,,1
intn_portal_metrology_dispenser_requests,Document Validation Notes,,1
intn_portal_metrology_dispenser_requests,Document validation must be completed.,,1
intn_portal_metrology_dispenser_requests,Documentacion del prototipo o muestra.,,1
intn_portal_metrology_dispenser_requests,Documentation Rejected,,2
intn_portal_metrology_dispenser_requests,Documentation must be approved before confirming the request.,,1
intn_portal_metrology_dispenser_requests,Documentation must be approved before issuing temporary habilitation.,,1
intn_portal_metrology_dispenser_requests,"Documento de habilitacion temporal emitido por INTN para
                        continuar el tramite de verificacion inicial, sujeto a
                        pago del expediente y cumplimiento de las condiciones
                        del servicio.",,1
intn_portal_metrology_dispenser_requests,"Documento vinculante al fabricante (representante exclusivo, representante por modelo o autorizacion de comercializacion).",,1
intn_portal_metrology_dispenser_requests,Documento vinculante fabricante,,1
intn_portal_metrology_dispenser_requests,Documentos Adjuntos,,1
intn_portal_metrology_dispenser_requests,Does Not Comply,,1
intn_portal_metrology_dispenser_requests,Done,,3
intn_portal_metrology_dispenser_requests,Download evaluation report,,1
intn_portal_metrology_dispenser_requests,Download temporary habilitation,,1
intn_portal_metrology_dispenser_requests,Draft,,3
intn_portal_metrology_dispenser_requests,Ej. 2024,,1
intn_portal_metrology_dispenser_requests,Electric energy meter,,2
intn_portal_metrology_dispenser_requests,Email,,1
intn_portal_metrology_dispenser_requests,Emblem,,2
intn_portal_metrology_dispenser_requests,Emblema,,1
intn_portal_metrology_dispenser_requests,Error max. (ml),,1
intn_portal_metrology_dispenser_requests,Estado 4 - Verificacion Tecnica,,1
intn_portal_metrology_dispenser_requests,Evaluation Report,,2
intn_portal_metrology_dispenser_requests,Evaluation Report PDF,,2
intn_portal_metrology_dispenser_requests,Evaluation Result,,1
intn_portal_metrology_dispenser_requests,Eventual,,1
intn_portal_metrology_dispenser_requests,Fabricante,,2
intn_portal_metrology_dispenser_requests,Familia de Modelo,,1
intn_portal_metrology_dispenser_requests,Fecha,,1
intn_portal_metrology_dispenser_requests,Fecha de inspeccion,,1
intn_portal_metrology_dispenser_requests,Ficha tecnica del instrumento sujeto a evaluacion.,,1
intn_portal_metrology_dispenser_requests,Flow UoM,,1
intn_portal_metrology_dispenser_requests,Followers,,3
intn_portal_metrology_dispenser_requests,Followers (Partners),,3
intn_portal_metrology_dispenser_requests,Font awesome icon e.g. fa-tasks,,3
intn_portal_metrology_dispenser_requests,Formulario de solicitud de aprobacion de modelo completado en el Portal de Clientes.,,1
intn_portal_metrology_dispenser_requests,Free-text description of the measuring instrument type.,,1
intn_portal_metrology_dispenser_requests,Global evaluation result is required.,,1
intn_portal_metrology_dispenser_requests,HONGYANG,,1
intn_portal_metrology_dispenser_requests,Habilitacion Temporal,,1
intn_portal_metrology_dispenser_requests,Habilitation,,1
intn_portal_metrology_dispenser_requests,Habilitation PDF,,1
intn_portal_metrology_dispenser_requests,Has Message,,3
intn_portal_metrology_dispenser_requests,Hoja(s) tecnica(s),,1
intn_portal_metrology_dispenser_requests,Homologacion de Aprobacion de Modelo,,1
intn_portal_metrology_dispenser_requests,Hose Length (cm),,1
intn_portal_metrology_dispenser_requests,Hybrid,,1
intn_portal_metrology_dispenser_requests,ID,,11
intn_portal_metrology_dispenser_requests,Icon,,3
intn_portal_metrology_dispenser_requests,Icon to indicate an exception activity.,,3
intn_portal_metrology_dispenser_requests,Identificacion del instrumento de medicion bajo control,,1
intn_portal_metrology_dispenser_requests,Identificacion y datos de contacto del fabricante.,,1
intn_portal_metrology_dispenser_requests,"If checked, new messages require your attention.",,3
intn_portal_metrology_dispenser_requests,"If checked, some messages have a delivery error.",,6
intn_portal_metrology_dispenser_requests,Informe Tecnico de Rechazo,,1
intn_portal_metrology_dispenser_requests,Inspection Date,,1
intn_portal_metrology_dispenser_requests,Instrument,,7
intn_portal_metrology_dispenser_requests,Instrument %(index)s: Model does not belong to the selected brand.,,1
intn_portal_metrology_dispenser_requests,Instrument Brand,,2
intn_portal_metrology_dispenser_requests,Instrument Brands,,3
intn_portal_metrology_dispenser_requests,Instrument Identification,,1
intn_portal_metrology_dispenser_requests,Instrument Model,,2
intn_portal_metrology_dispenser_requests,Instrument Models,,3
intn_portal_metrology_dispenser_requests,Instrument Types,,3
intn_portal_metrology_dispenser_requests,Instrumento,,3
intn_portal_metrology_dispenser_requests,Instrumentos declarados,,1
intn_portal_metrology_dispenser_requests,Is Follower,,3
intn_portal_metrology_dispenser_requests,Issue Date,,1
intn_portal_metrology_dispenser_requests,Issue Temporary Habilitation,,1
intn_portal_metrology_dispenser_requests,Issued By,,1
intn_portal_metrology_dispenser_requests,Item Code,,1
intn_portal_metrology_dispenser_requests,Item Name,,1
intn_portal_metrology_dispenser_requests,LPG or combined,,2
intn_portal_metrology_dispenser_requests,Landline Phone,,1
intn_portal_metrology_dispenser_requests,Last Updated by,,11
intn_portal_metrology_dispenser_requests,Last Updated on,,11
intn_portal_metrology_dispenser_requests,Liquid fuel dispensing machine,,1
intn_portal_metrology_dispenser_requests,Long. manguera (cm),,1
intn_portal_metrology_dispenser_requests,Machine Type,,1
intn_portal_metrology_dispenser_requests,Mandatory Devices,,1
intn_portal_metrology_dispenser_requests,Mandatory Devices (6.30.4-6.32.1.3),,1
intn_portal_metrology_dispenser_requests,Manufacturer (catalog),,1
intn_portal_metrology_dispenser_requests,Manufacturer Address,,1
intn_portal_metrology_dispenser_requests,Manufacturer City,,3
intn_portal_metrology_dispenser_requests,Manufacturer Country,,2
intn_portal_metrology_dispenser_requests,Manufacturer Email,,3
intn_portal_metrology_dispenser_requests,Manufacturer Name,,3
intn_portal_metrology_dispenser_requests,Manufacturer Phone,,3
intn_portal_metrology_dispenser_requests,Manufacturer Street,,2
intn_portal_metrology_dispenser_requests,Manufacturer country is not valid.,,1
intn_portal_metrology_dispenser_requests,Manufacturer country is required.,,1
intn_portal_metrology_dispenser_requests,Manufacturer of the measuring instrument.,,1
intn_portal_metrology_dispenser_requests,Manufacturing Year,,2
intn_portal_metrology_dispenser_requests,Map instrument types to responsible departments.,,1
intn_portal_metrology_dispenser_requests,Marca,,3
intn_portal_metrology_dispenser_requests,Marca / Modelo,,1
intn_portal_metrology_dispenser_requests,Marca verif. N°,,1
intn_portal_metrology_dispenser_requests,Max Error (ml),,1
intn_portal_metrology_dispenser_requests,Max Flow,,1
intn_portal_metrology_dispenser_requests,Maximum operating range must be greater than or equal to minimum.,,1
intn_portal_metrology_dispenser_requests,Measure Unit,,1
intn_portal_metrology_dispenser_requests,Measure Units,,3
intn_portal_metrology_dispenser_requests,Message Delivery error,,3
intn_portal_metrology_dispenser_requests,Messages,,3
intn_portal_metrology_dispenser_requests,Metrology,,1
intn_portal_metrology_dispenser_requests,Metrology Execution State,,2
intn_portal_metrology_dispenser_requests,Metrology Instrument Brand,,1
intn_portal_metrology_dispenser_requests,Metrology Instrument Model,,1
intn_portal_metrology_dispenser_requests,Metrology Instrument Type,,1
intn_portal_metrology_dispenser_requests,Metrology Measure Unit,,1
intn_portal_metrology_dispenser_requests,Metrology Portal Header Fields,,1
intn_portal_metrology_dispenser_requests,Metrology Report Brand,,2
intn_portal_metrology_dispenser_requests,Metrology Report Instrument,,2
intn_portal_metrology_dispenser_requests,Metrology Report Manufacturer,,2
intn_portal_metrology_dispenser_requests,Metrology Report Model,,2
intn_portal_metrology_dispenser_requests,Metrology Report Operating Range,,2
intn_portal_metrology_dispenser_requests,Metrology Report Serial Numbers,,2
intn_portal_metrology_dispenser_requests,Metrology Sample Reception,,1
intn_portal_metrology_dispenser_requests,Metrology Sample Reception Line,,1
intn_portal_metrology_dispenser_requests,Metrology Technical Classification Rule,,1
intn_portal_metrology_dispenser_requests,Metrology Temporary Habilitation,,1
intn_portal_metrology_dispenser_requests,Min Flow,,1
intn_portal_metrology_dispenser_requests,Mobile Phone,,1
intn_portal_metrology_dispenser_requests,Model (catalog),,1
intn_portal_metrology_dispenser_requests,Model Approval Certificate,,1
intn_portal_metrology_dispenser_requests,Model Approval Certificate Complement,,2
intn_portal_metrology_dispenser_requests,Model Approval Certificate Revalidation,,2
intn_portal_metrology_dispenser_requests,Model Approval Homologation,,2
intn_portal_metrology_dispenser_requests,Model Approval Request Type,,2
intn_portal_metrology_dispenser_requests,Model Approval Requirements,,1
intn_portal_metrology_dispenser_requests,Model Family,,2
intn_portal_metrology_dispenser_requests,Model approval certificate generated.,,1
intn_portal_metrology_dispenser_requests,"Model approval number issued by the metrology authority, if any.",,1
intn_portal_metrology_dispenser_requests,Model does not belong to the selected brand.,,1
intn_portal_metrology_dispenser_requests,Modelo,,3
intn_portal_metrology_dispenser_requests,My Activity Deadline,,3
intn_portal_metrology_dispenser_requests,N,,4
intn_portal_metrology_dispenser_requests,NC,,1
intn_portal_metrology_dispenser_requests,Name,,8
intn_portal_metrology_dispenser_requests,New,,3
intn_portal_metrology_dispenser_requests,Next Activity Calendar Event,,3
intn_portal_metrology_dispenser_requests,Next Activity Deadline,,3
intn_portal_metrology_dispenser_requests,Next Activity Summary,,3
intn_portal_metrology_dispenser_requests,Next Activity Type,,3
intn_portal_metrology_dispenser_requests,No sample reception registered.,,1
intn_portal_metrology_dispenser_requests,Nombre,,1
intn_portal_metrology_dispenser_requests,Nombre del Fabricante,,1
intn_portal_metrology_dispenser_requests,Nota de compromiso Aduana,,1
intn_portal_metrology_dispenser_requests,Nota de compromiso por intervencion de Aduana (si corresponde).,,1
intn_portal_metrology_dispenser_requests,Notes,,1
intn_portal_metrology_dispenser_requests,Nozzle Number,,1
intn_portal_metrology_dispenser_requests,Nozzle Tests,,1
intn_portal_metrology_dispenser_requests,Number of Actions,,3
intn_portal_metrology_dispenser_requests,Number of dispenser nozzles covered by this instrument entry.,,1
intn_portal_metrology_dispenser_requests,Number of dispenser nozzles for technical verification.,,1
intn_portal_metrology_dispenser_requests,Number of errors,,3
intn_portal_metrology_dispenser_requests,Number of messages requiring action,,3
intn_portal_metrology_dispenser_requests,Number of messages with delivery error,,3
intn_portal_metrology_dispenser_requests,N° de serie,,1
intn_portal_metrology_dispenser_requests,Observaciones,,2
intn_portal_metrology_dispenser_requests,Observe,,1
intn_portal_metrology_dispenser_requests,Operating Range Max,,2
intn_portal_metrology_dispenser_requests,Operating Range Min,,2
intn_portal_metrology_dispenser_requests,Operating Range UoM,,2
intn_portal_metrology_dispenser_requests,Operating range declared by the instrument manufacturer.,,1
intn_portal_metrology_dispenser_requests,Operating range values are not valid.,,1
intn_portal_metrology_dispenser_requests,P1 Medidor,,1
intn_portal_metrology_dispenser_requests,P1 Meter,,1
intn_portal_metrology_dispenser_requests,P2 Transducer,,1
intn_portal_metrology_dispenser_requests,P2 Transductor,,1
intn_portal_metrology_dispenser_requests,P3 Electronic Board,,1
intn_portal_metrology_dispenser_requests,P3 Tablero,,1
intn_portal_metrology_dispenser_requests,P4 Other,,1
intn_portal_metrology_dispenser_requests,P4 Otros,,1
intn_portal_metrology_dispenser_requests,PENDIENTE,,1
intn_portal_metrology_dispenser_requests,Pais,,1
intn_portal_metrology_dispenser_requests,Persona de Contacto,,1
intn_portal_metrology_dispenser_requests,Persona de contacto,,1
intn_portal_metrology_dispenser_requests,Physical State,,1
intn_portal_metrology_dispenser_requests,Physical State (6.10-6.18),,1
intn_portal_metrology_dispenser_requests,Pico,,1
intn_portal_metrology_dispenser_requests,Picos,,1
intn_portal_metrology_dispenser_requests,Picos de Surtidores,,1
intn_portal_metrology_dispenser_requests,Picos de Surtidores: Aprobación de modelo,,1
intn_portal_metrology_dispenser_requests,Picos de Surtidores: Verificación complementaria,,1
intn_portal_metrology_dispenser_requests,Picos de Surtidores: Verificación eventual,,1
intn_portal_metrology_dispenser_requests,Picos de Surtidores: Verificación inicial,,1
intn_portal_metrology_dispenser_requests,Picos de Surtidores: Verificación periódica,,1
intn_portal_metrology_dispenser_requests,Portal City,,4
intn_portal_metrology_dispenser_requests,Portal Contact Email,,2
intn_portal_metrology_dispenser_requests,Portal Contact Mobile,,2
intn_portal_metrology_dispenser_requests,Portal Landline Phone,,2
intn_portal_metrology_dispenser_requests,Portal Service Request Form Layout,,1
intn_portal_metrology_dispenser_requests,Portal State,,2
intn_portal_metrology_dispenser_requests,Portal Street,,2
intn_portal_metrology_dispenser_requests,Print Verification Sheet,,1
intn_portal_metrology_dispenser_requests,Prototipo / Muestra,,1
intn_portal_metrology_dispenser_requests,Pump,,1
intn_portal_metrology_dispenser_requests,Quitar,,1
intn_portal_metrology_dispenser_requests,R,,4
intn_portal_metrology_dispenser_requests,R.U.C.,,1
intn_portal_metrology_dispenser_requests,REPROBADO,,1
intn_portal_metrology_dispenser_requests,RESULTADO: APROBADO,,1
intn_portal_metrology_dispenser_requests,RESULTADO: REPROBADO,,1
intn_portal_metrology_dispenser_requests,RUC,,1
intn_portal_metrology_dispenser_requests,Rango de funcionamiento,,1
intn_portal_metrology_dispenser_requests,Ratings,,3
intn_portal_metrology_dispenser_requests,Razon Social,,1
intn_portal_metrology_dispenser_requests,Razon social,,1
intn_portal_metrology_dispenser_requests,Received,,1
intn_portal_metrology_dispenser_requests,Receiving Officer,,1
intn_portal_metrology_dispenser_requests,Recepcion de muestra,,1
intn_portal_metrology_dispenser_requests,Reception,,4
intn_portal_metrology_dispenser_requests,Reception Date,,1
intn_portal_metrology_dispenser_requests,Regenerate PDF,,1
intn_portal_metrology_dispenser_requests,Register Return,,1
intn_portal_metrology_dispenser_requests,Reject document,,1
intn_portal_metrology_dispenser_requests,Rejected,,4
intn_portal_metrology_dispenser_requests,Request Approved,,2
intn_portal_metrology_dispenser_requests,Request Confirmed,,2
intn_portal_metrology_dispenser_requests,Request Date,,2
intn_portal_metrology_dispenser_requests,Request Type,,2
intn_portal_metrology_dispenser_requests,Request must be classified before verification.,,1
intn_portal_metrology_dispenser_requests,Request must be confirmed before sample reception.,,1
intn_portal_metrology_dispenser_requests,Request must be evaluated before registering sample return.,,1
intn_portal_metrology_dispenser_requests,Request type is required.,,1
intn_portal_metrology_dispenser_requests,Requisito,,1
intn_portal_metrology_dispenser_requests,Requisitos de Aprobacion de Modelo,,1
intn_portal_metrology_dispenser_requests,Reset review,,1
intn_portal_metrology_dispenser_requests,Residual Discharge (ml),,1
intn_portal_metrology_dispenser_requests,Responsible Department,,2
intn_portal_metrology_dispenser_requests,Responsible User,,3
intn_portal_metrology_dispenser_requests,Result,,2
intn_portal_metrology_dispenser_requests,Resultado,,1
intn_portal_metrology_dispenser_requests,Resultado de la verificacion:,,1
intn_portal_metrology_dispenser_requests,Return Date,,1
intn_portal_metrology_dispenser_requests,Return Officer,,1
intn_portal_metrology_dispenser_requests,"Return date, returned-by person and return officer are required.",,1
intn_portal_metrology_dispenser_requests,Returned,,1
intn_portal_metrology_dispenser_requests,Returned By,,1
intn_portal_metrology_dispenser_requests,Revalidacion de Certificado de Aprobacion de Modelo,,1
intn_portal_metrology_dispenser_requests,SMS Delivery error,,3
intn_portal_metrology_dispenser_requests,Sample Quantity,,3
intn_portal_metrology_dispenser_requests,Sample Received,,2
intn_portal_metrology_dispenser_requests,Sample Reception,,5
intn_portal_metrology_dispenser_requests,Sample Return,,4
intn_portal_metrology_dispenser_requests,Sample Returned,,2
intn_portal_metrology_dispenser_requests,Sample Serial Numbers,,1
intn_portal_metrology_dispenser_requests,Sample must be received before classification.,,1
intn_portal_metrology_dispenser_requests,Sample quantity is not valid.,,1
intn_portal_metrology_dispenser_requests,Sample quantity must be at least 1.,,2
intn_portal_metrology_dispenser_requests,Section,,1
intn_portal_metrology_dispenser_requests,Seleccionar ciudad,,2
intn_portal_metrology_dispenser_requests,Seleccionar departamento,,2
intn_portal_metrology_dispenser_requests,Seleccionar pais,,1
intn_portal_metrology_dispenser_requests,Seleccionar...,,1
intn_portal_metrology_dispenser_requests,Seleccione marca primero...,,1
intn_portal_metrology_dispenser_requests,Sequence,,7
intn_portal_metrology_dispenser_requests,Serial Numbers,,1
intn_portal_metrology_dispenser_requests,Serie,,2
intn_portal_metrology_dispenser_requests,Service Request Initial Verification Mixin,,1
intn_portal_metrology_dispenser_requests,Service Request Model Approval Mixin,,1
intn_portal_metrology_dispenser_requests,Sin resultados,,1
intn_portal_metrology_dispenser_requests,Solicitante,,1
intn_portal_metrology_dispenser_requests,Solicitud,,1
intn_portal_metrology_dispenser_requests,Specifications,,1
intn_portal_metrology_dispenser_requests,"Status based on activities
Overdue: Due date is already passed
Today: Activity date is today
Planned: Future activities.",,3
intn_portal_metrology_dispenser_requests,Tax ID does not match your registered company.,,2
intn_portal_metrology_dispenser_requests,Technical Evaluation,,2
intn_portal_metrology_dispenser_requests,Technical Rejection Report,,1
intn_portal_metrology_dispenser_requests,Technical Verification,,4
intn_portal_metrology_dispenser_requests,Technical Verification Sheet,,1
intn_portal_metrology_dispenser_requests,Technical rejection report generated.,,1
intn_portal_metrology_dispenser_requests,Technically Classified,,2
intn_portal_metrology_dispenser_requests,Telefono,,1
intn_portal_metrology_dispenser_requests,Telefono fijo,,1
intn_portal_metrology_dispenser_requests,Telefono movil,,1
intn_portal_metrology_dispenser_requests,Temporary Habilitation,,6
intn_portal_metrology_dispenser_requests,Temporary Habilitation Issued,,2
intn_portal_metrology_dispenser_requests,Temporary Habilitations,,1
intn_portal_metrology_dispenser_requests,Temporary habilitation %s issued.,,1
intn_portal_metrology_dispenser_requests,Temporary habilitation must be issued before confirming the request.,,1
intn_portal_metrology_dispenser_requests,Temporary habilitation report is not configured.,,1
intn_portal_metrology_dispenser_requests,Test Sheets,,2
intn_portal_metrology_dispenser_requests,Tipo,,1
intn_portal_metrology_dispenser_requests,Tipo de Instrumento,,1
intn_portal_metrology_dispenser_requests,Tipo de Solicitud,,1
intn_portal_metrology_dispenser_requests,Tipo de instrumento,,1
intn_portal_metrology_dispenser_requests,Tipo de maquina,,1
intn_portal_metrology_dispenser_requests,Tipo de solicitud,,1
intn_portal_metrology_dispenser_requests,Tipo de verificacion,,1
intn_portal_metrology_dispenser_requests,Type of the exception activity on record.,,3
intn_portal_metrology_dispenser_requests,Unidad de medida,,1
intn_portal_metrology_dispenser_requests,Upload,,1
intn_portal_metrology_dispenser_requests,Upload technical sheet,,1
intn_portal_metrology_dispenser_requests,Valor maximo,,1
intn_portal_metrology_dispenser_requests,Valor minimo,,1
intn_portal_metrology_dispenser_requests,Verificacion Inicial de Picos de Surtidores,,1
intn_portal_metrology_dispenser_requests,Verification,,4
intn_portal_metrology_dispenser_requests,Verification Context,,1
intn_portal_metrology_dispenser_requests,Verification Mark No.,,1
intn_portal_metrology_dispenser_requests,Verification Type,,1
intn_portal_metrology_dispenser_requests,Visual Inspection Checklist,,1
intn_portal_metrology_dispenser_requests,Visual Inspection Done,,1
intn_portal_metrology_dispenser_requests,Visual inspection must be completed.,,1
intn_portal_metrology_dispenser_requests,Vol. caudal max. (ml),,1
intn_portal_metrology_dispenser_requests,Vol. caudal min. (ml),,1
intn_portal_metrology_dispenser_requests,Volume at Max Flow (ml),,1
intn_portal_metrology_dispenser_requests,Volume at Min Flow (ml),,1
intn_portal_metrology_dispenser_requests,Volumetric Tests,,1
intn_portal_metrology_dispenser_requests,Water meter,,2
intn_portal_metrology_dispenser_requests,Website Messages,,3
intn_portal_metrology_dispenser_requests,Website communication history,,3
intn_portal_metrology_dispenser_requests,X,,1
intn_portal_metrology_dispenser_requests,Year the measuring instrument was manufactured.,,1
intn_portal_metrology_dispenser_requests,"You must register one serial number per sample (%(expected)s required, %(found)s found).",,1
intn_portal_metrology_dispenser_requests,l/h,,1
intn_portal_metrology_dispenser_requests,l/min,,1
intn_portal_metrology_dispenser_requests,"<div style=""margin: 0px; padding: 0px;"">
                    <p>A new metrology dispenser service request has been submitted.</p>
                    <ul>
                        <li><strong>Request:</strong> {{ object.name }}</li>
                        <li><strong>Service type:</strong> {{ object.service_type_label or '' }}</li>
                        <li><strong>Ticket:</strong> {{ object.ticket_id.display_name or '' }}</li>
                        <li><strong>Customer:</strong> {{ object.ticket_id.partner_id.display_name or '' }}</li>
                    </ul>
                    <p><a href=""/web#id=%7B%7B%20object.id%20%7D%7D&amp;model=service.request&amp;view_type=form"">Open in backend</a></p>
                </div>
            ",,0
intn_portal_oiat_service_request,AVISO IMPORTANTE DE CALIDAD,,1
intn_portal_oiat_service_request,Acción,,1
intn_portal_oiat_service_request,Active,,1
intn_portal_oiat_service_request,Activos,,1
intn_portal_oiat_service_request,Agregar Servicio,,1
intn_portal_oiat_service_request,Agregue al menos un servicio antes de enviar.,,2
intn_portal_oiat_service_request,Aún no ha agregado servicios. Complete los datos y presione,,1
intn_portal_oiat_service_request,Batch Number,,1
intn_portal_oiat_service_request,"Campo opcional. Formatos: PDF, JPG, PNG.",,1
intn_portal_oiat_service_request,Cantidad a Certificar,,2
intn_portal_oiat_service_request,Cantidad de Muestra,,2
intn_portal_oiat_service_request,Cantidad de Servicios,,1
intn_portal_oiat_service_request,Categoría,,1
intn_portal_oiat_service_request,Certificado,,1
intn_portal_oiat_service_request,Certificado de análisis de origen,,1
intn_portal_oiat_service_request,Certificados,,1
intn_portal_oiat_service_request,Certified Quantity,,3
intn_portal_oiat_service_request,Contact Name,,2
intn_portal_oiat_service_request,Contact Phone,,2
intn_portal_oiat_service_request,Created by,,1
intn_portal_oiat_service_request,Created on,,1
intn_portal_oiat_service_request,Crudo,,1
intn_portal_oiat_service_request,Datos de Contacto,,1
intn_portal_oiat_service_request,Datos de Muestra OIAT,,1
intn_portal_oiat_service_request,Datos de la Muestra,,1
intn_portal_oiat_service_request,Display Name,,1
intn_portal_oiat_service_request,Ej: 021 123456,,1
intn_portal_oiat_service_request,Ej: LOTE-2024-001,,1
intn_portal_oiat_service_request,Elaboración,,1
intn_portal_oiat_service_request,Eliminar,,1
intn_portal_oiat_service_request,"En caso de que la muestra sea presentada en envases reutilizados, debe contar con
                    identificación que coincida con los datos registrados en el sistema.",,1
intn_portal_oiat_service_request,Especifique el tipo de muestra,,1
intn_portal_oiat_service_request,Especifique el tipo de muestra...,,1
intn_portal_oiat_service_request,Estado,,1
intn_portal_oiat_service_request,Expiration Date,,1
intn_portal_oiat_service_request,Fecha de Elaboración,,1
intn_portal_oiat_service_request,Fecha de Vencimiento,,1
intn_portal_oiat_service_request,Gaseoso,,1
intn_portal_oiat_service_request,Group By,,1
intn_portal_oiat_service_request,ID,,1
intn_portal_oiat_service_request,Ingrese el Teléfono de Contacto.,,2
intn_portal_oiat_service_request,Ingrese la Persona de Contacto.,,2
intn_portal_oiat_service_request,Ingrese observaciones adicionales o describa el servicio que necesite en el caso de que no se encuentre disponible en la lista.,,1
intn_portal_oiat_service_request,L,,1
intn_portal_oiat_service_request,Last Updated by,,1
intn_portal_oiat_service_request,Last Updated on,,1
intn_portal_oiat_service_request,Line Kind,,1
intn_portal_oiat_service_request,Litraje,,1
intn_portal_oiat_service_request,Lote,,2
intn_portal_oiat_service_request,Líquido,,1
intn_portal_oiat_service_request,Muestra de alimentos,,1
intn_portal_oiat_service_request,Name,,1
intn_portal_oiat_service_request,Nombre completo...,,1
intn_portal_oiat_service_request,Nombre del proveedor...,,1
intn_portal_oiat_service_request,Nombre del tipo de muestra,,1
intn_portal_oiat_service_request,Número de Lote,,1
intn_portal_oiat_service_request,OIAT Sample Type,,1
intn_portal_oiat_service_request,OIAT Sample Type Administrator,,1
intn_portal_oiat_service_request,OIAT Service,,1
intn_portal_oiat_service_request,OIAT Service Catalog,,1
intn_portal_oiat_service_request,OIAT Service Request - %s,,1
intn_portal_oiat_service_request,OIAT Services,,1
intn_portal_oiat_service_request,OIAT sample service request with %(count)s service(s) created from portal,,1
intn_portal_oiat_service_request,OIAT: Solicitud de Muestra,,1
intn_portal_oiat_service_request,Observaciones,,1
intn_portal_oiat_service_request,Observaciones y Requerimientos Especiales,,1
intn_portal_oiat_service_request,Observations,,2
intn_portal_oiat_service_request,Origin Certificate,,1
intn_portal_oiat_service_request,Other (Specify),,2
intn_portal_oiat_service_request,Other Sample Type,,1
intn_portal_oiat_service_request,Otro,,1
intn_portal_oiat_service_request,Otros,,1
intn_portal_oiat_service_request,Otros:,,1
intn_portal_oiat_service_request,Persona de Contacto,,2
intn_portal_oiat_service_request,Production Date,,1
intn_portal_oiat_service_request,Producto / Determinación,,1
intn_portal_oiat_service_request,Proveedor,,2
intn_portal_oiat_service_request,Sales Order,,1
intn_portal_oiat_service_request,Sample Quantity,,3
intn_portal_oiat_service_request,Sample Request,,1
intn_portal_oiat_service_request,Sample Type,,3
intn_portal_oiat_service_request,Sample Type (name),,1
intn_portal_oiat_service_request,Sample UoM,,2
intn_portal_oiat_service_request,Seleccionar categoría...,,1
intn_portal_oiat_service_request,Seleccionar producto...,,1
intn_portal_oiat_service_request,Seleccionar tipo de muestra...,,1
intn_portal_oiat_service_request,Sequence,,1
intn_portal_oiat_service_request,Service %(index)s: Certified Quantity is required.,,1
intn_portal_oiat_service_request,Service %(index)s: Sample Quantity must be greater than 0.,,1
intn_portal_oiat_service_request,Service %(index)s: Sample Type is required.,,1
intn_portal_oiat_service_request,Service %(index)s: Sample UoM is required.,,1
intn_portal_oiat_service_request,Service %(index)s: invalid Sample Type.,,1
intn_portal_oiat_service_request,Service %(index)s: invalid catalog selection.,,1
intn_portal_oiat_service_request,Service %(index)s: product is not available for this department.,,1
intn_portal_oiat_service_request,Service %(index)s: specify the sample type when selecting 'Otros'.,,1
intn_portal_oiat_service_request,Service Request,,1
intn_portal_oiat_service_request,Service Request Line,,1
intn_portal_oiat_service_request,Service Type,,1
intn_portal_oiat_service_request,Servicios solicitados,,1
intn_portal_oiat_service_request,Sin archivo,,1
intn_portal_oiat_service_request,Supplier,,2
intn_portal_oiat_service_request,Sólido,,1
intn_portal_oiat_service_request,Teléfono de Contacto,,2
intn_portal_oiat_service_request,Tipo de Muestra,,3
intn_portal_oiat_service_request,Tipos de Muestras,,4
intn_portal_oiat_service_request,"Todos los datos consignados en esta solicitud deberán coincidir exactamente
                    con la información contenida en la etiqueta de la muestra física entregada al INTN
                    para su análisis.",,1
intn_portal_oiat_service_request,Unidad de medida (obligatoria),,1
intn_portal_oiat_service_request,UoM,,1
intn_portal_oiat_service_request,UoM *,,1
intn_portal_oiat_service_request,Vencimiento,,1
intn_portal_oiat_service_request,Volumen o peso físico que envía.,,1
intn_portal_oiat_service_request,ml,,1
intn_portal_registration,%s — Service History,,1
intn_portal_registration,<span>Lat:</span>,,1
intn_portal_registration,<span>Long:</span>,,1
intn_portal_registration,<strong>Email:</strong>,,1
intn_portal_registration,Altos,,1
intn_portal_registration,Antequera,,1
intn_portal_registration,Areguá,,1
intn_portal_registration,Arroyito,,1
intn_portal_registration,Arroyos y Esteros,,1
intn_portal_registration,Asunción,,1
intn_portal_registration,Ayolas,,1
intn_portal_registration,Azotey,,1
intn_portal_registration,Bella Vista Norte,,1
intn_portal_registration,Bella Vista del Sur,,1
intn_portal_registration,Benjamín Aceval,,1
intn_portal_registration,Boquerón,,1
intn_portal_registration,Borja,,1
intn_portal_registration,Branch name is required.,,1
intn_portal_registration,Campo Aceval,,1
intn_portal_registration,Capiibary,,1
intn_portal_registration,Capitán Carmelo Peralta,,1
intn_portal_registration,Capitán Mauricio José Troche,,1
intn_portal_registration,Capitán Meza,,1
intn_portal_registration,Capitán Miranda,,1
intn_portal_registration,Caraguatay,,1
intn_portal_registration,Carapeguá,,1
intn_portal_registration,Carayaó,,1
intn_portal_registration,Carlos Antonio López,,1
intn_portal_registration,Cedrales,,1
intn_portal_registration,Cerro Corá,,1
intn_portal_registration,City is required.,,1
intn_portal_registration,Colonia Fram,,1
intn_portal_registration,Colonia Independencia,,1
intn_portal_registration,Colonia Obligado,,1
intn_portal_registration,Company email or phone is required.,,1
intn_portal_registration,Company name is required.,,1
intn_portal_registration,Company type is required.,,1
intn_portal_registration,"Confirmar contraseña <span style=""color:red"">*</span>",,1
intn_portal_registration,Contact email is required.,,1
intn_portal_registration,Contact name is required.,,1
intn_portal_registration,"Contact person must have name, email, and phone.",,1
intn_portal_registration,Contact phone is required.,,1
intn_portal_registration,Contacts under company %(company)s must have: %(fields)s.,,1
intn_portal_registration,"Contraseña <span style=""color:red"">*</span>",,1
intn_portal_registration,Coronel José Félix Bogado,,1
intn_portal_registration,Create or update branch records when the RUC service returns establishment data.,,1
intn_portal_registration,Cruce Liberación,,1
intn_portal_registration,Curuguaty,,1
intn_portal_registration,Customer origin is required.,,1
intn_portal_registration,Desmochados,,1
intn_portal_registration,Doctor Cecilio Báez,,1
intn_portal_registration,Doctor Juan Eulogio Estigarribia (C9),,1
intn_portal_registration,Doctor Juan León Mallorquín,,1
intn_portal_registration,Doctor Juan Manuel Frutos (Pastoreo),,1
intn_portal_registration,Doctor Moisés Santiago Bertoni,,1
intn_portal_registration,Doctor Raúl Peña,,1
intn_portal_registration,Domingo Martínez de Irala,,1
intn_portal_registration,Ecommerce,,1
intn_portal_registration,Edelira,,1
intn_portal_registration,El campo Celular es obligatorio.,,1
intn_portal_registration,El campo Correo Electrónico es obligatorio.,,1
intn_portal_registration,El campo RUC es obligatorio.,,1
intn_portal_registration,El campo Razón Social / Nombre es obligatorio.,,1
intn_portal_registration,Email,,2
intn_portal_registration,Email *,,1
intn_portal_registration,Email is required.,,1
intn_portal_registration,Emboscada,,1
intn_portal_registration,Encarnación,,1
intn_portal_registration,Eusebio Ayala,,1
intn_portal_registration,Filadelfia,,1
intn_portal_registration,Fuerte Olimpo,,1
intn_portal_registration,Fulgencio Yegros,,1
intn_portal_registration,Félix Pérez Cardozo,,1
intn_portal_registration,General Delgado,,1
intn_portal_registration,General Elizardo Aquino,,1
intn_portal_registration,General Francisco Caballero Álvarez (Puente Kyjha),,1
intn_portal_registration,General Higinio Morínigo,,1
intn_portal_registration,General José María Bruguez,,1
intn_portal_registration,Geolocation,,1
intn_portal_registration,Guarambaré,,1
intn_portal_registration,Guayaibí,,1
intn_portal_registration,Guazú Cuá,,1
intn_portal_registration,"Headquarters can only be set on companies, not contacts.",,1
intn_portal_registration,Hohenau,,1
intn_portal_registration,Horqueta,,1
intn_portal_registration,Humaitá,,1
intn_portal_registration,INTN,,2
intn_portal_registration,Identification (VAT),,1
intn_portal_registration,Identification Number is required.,,3
intn_portal_registration,Independencia,,1
intn_portal_registration,Iruña,,1
intn_portal_registration,Itacurubí de la Cordillera,,1
intn_portal_registration,Itacurubí del Rosario,,1
intn_portal_registration,Itanará,,1
intn_portal_registration,Itapé,,1
intn_portal_registration,Itapúa Poty,,1
intn_portal_registration,Itauguá,,1
intn_portal_registration,Iturbe,,1
intn_portal_registration,Jesús,,1
intn_portal_registration,José A. Fassardi,,1
intn_portal_registration,José Domingo Ocampos,,1
intn_portal_registration,José Falcón,,1
intn_portal_registration,José Leandro Oviedo,,1
intn_portal_registration,Juan Emiliano O'Leary,,1
intn_portal_registration,Julián Augusto Saldívar,,1
intn_portal_registration,Katueté,,1
intn_portal_registration,La Colmena,,1
intn_portal_registration,La Paloma del Espíritu Santo,,1
intn_portal_registration,La Pastora,,1
intn_portal_registration,Lambaré,,1
intn_portal_registration,Latitude,,1
intn_portal_registration,Laurel,,1
intn_portal_registration,Lima,,1
intn_portal_registration,Loma Grande,,1
intn_portal_registration,Loma Plata,,1
intn_portal_registration,Longitude,,1
intn_portal_registration,Loreto,,1
intn_portal_registration,Los Cedrales,,1
intn_portal_registration,Maracaná,,1
intn_portal_registration,Mariscal José Félix Estigarribia,,1
intn_portal_registration,María Antonia,,1
intn_portal_registration,Mbaracayú,,1
intn_portal_registration,Mbocayaty del Guairá,,1
intn_portal_registration,Mbocayaty del Yhaguy,,1
intn_portal_registration,Mbuyapey,,1
intn_portal_registration,Minga Porá,,1
intn_portal_registration,Name is required.,,1
intn_portal_registration,Nanawa,,1
intn_portal_registration,Natalicio Talavera,,1
intn_portal_registration,Nueva Alborada,,1
intn_portal_registration,Nueva Asunción,,1
intn_portal_registration,Nueva Esperanza,,1
intn_portal_registration,Nueva Germania,,1
intn_portal_registration,Nueva Italia,,1
intn_portal_registration,Nueva Londres,,1
intn_portal_registration,Nueva Toledo,,1
intn_portal_registration,Obligado,,1
intn_portal_registration,Paraguarí,,1
intn_portal_registration,Paraguay,,1
intn_portal_registration,Paso Horqueta,,1
intn_portal_registration,Paso de Patria,,1
intn_portal_registration,Personería is required.,,1
intn_portal_registration,Phone or Mobile is required.,,2
intn_portal_registration,Pick location on map,,1
intn_portal_registration,Pick on map,,1
intn_portal_registration,Pirayú,,1
intn_portal_registration,Piribebuy,,1
intn_portal_registration,Pozo Colorado - General Luis Irrazábal,,1
intn_portal_registration,Presidente Franco,,1
intn_portal_registration,Puerto Adela,,1
intn_portal_registration,Puerto Casado,,1
intn_portal_registration,Puerto Pinasco,,1
intn_portal_registration,Puerto Rosario,,1
intn_portal_registration,Quyquyhó,,1
intn_portal_registration,"Razón Social / Nombre <span style=""color:red"">*</span>",,1
intn_portal_registration,Razón Social o Nombre,,1
intn_portal_registration,Raúl Arsenio Oviedo,,1
intn_portal_registration,Regimiento de Infantería Tres Corrales,,1
intn_portal_registration,Repatriación,,1
intn_portal_registration,San Antonio,,1
intn_portal_registration,San Bernardino,,1
intn_portal_registration,San Cristóbal,,1
intn_portal_registration,San Estanislao (Santani),,1
intn_portal_registration,San Joaquín,,1
intn_portal_registration,San José Obrero,,1
intn_portal_registration,San José de los Arroyos,,1
intn_portal_registration,San Juan Bautista,,1
intn_portal_registration,San Juan Nepomuceno,,1
intn_portal_registration,San Juan del Paraná,,1
intn_portal_registration,San Lázaro,,1
intn_portal_registration,San Pablo,,1
intn_portal_registration,San Patricio,,1
intn_portal_registration,San Pedro del Paraná,,1
intn_portal_registration,San Rafael del Paraná,,1
intn_portal_registration,San Roque González de Santa Cruz,,1
intn_portal_registration,San Vicente Pancholo,,1
intn_portal_registration,Santa Fe del Paraná,,1
intn_portal_registration,Santa María de Fe,,1
intn_portal_registration,Santa Rosa del Aguaray,,1
intn_portal_registration,Santa Rosa del Mbutuy,,1
intn_portal_registration,Sargento José Félix López,,1
intn_portal_registration,Selected city does not belong to the selected country.,,1
intn_portal_registration,Selected city does not belong to the selected department.,,1
intn_portal_registration,Service History,,1
intn_portal_registration,Service Requests,,1
intn_portal_registration,Simón Bolívar,,1
intn_portal_registration,Sync establishments from RUC,,1
intn_portal_registration,Sync establishments from RUC lookup,,1
intn_portal_registration,Tacuaras,,1
intn_portal_registration,Tacuatí,,1
intn_portal_registration,Tavapy,,1
intn_portal_registration,Tavaí,,1
intn_portal_registration,Tebicuarymí,,1
intn_portal_registration,Teléfono,,1
intn_portal_registration,Tembiaporá,,1
intn_portal_registration,Teniente Esteban Martínez,,1
intn_portal_registration,Teniente Primero Manuel Irala Fernández,,1
intn_portal_registration,Tobatí,,1
intn_portal_registration,Tomás Romero Pereira,,1
intn_portal_registration,Trinidad,,1
intn_portal_registration,"Tu correo <span style=""color:red"">*</span>",,1
intn_portal_registration,Unipersonal counterpart link is only allowed for top-level contacts (no parent company).,,1
intn_portal_registration,Unipersonal counterparts must use the same VAT / RUC.,,1
intn_portal_registration,Unión,,1
intn_portal_registration,Vaquería,,1
intn_portal_registration,Villa Elisa,,1
intn_portal_registration,Villa Florida,,1
intn_portal_registration,Villa Franca,,1
intn_portal_registration,Villa Hayes,,1
intn_portal_registration,Villa Oliva,,1
intn_portal_registration,Villa Ygatimí,,1
intn_portal_registration,Villa del Rosario,,1
intn_portal_registration,Villalbín,,1
intn_portal_registration,Villeta,,1
intn_portal_registration,"When enabled, RUC lookups can create or update intn.establishment records for the company.",,1
intn_portal_registration,Yabebyry,,1
intn_portal_registration,Yaguarón,,1
intn_portal_registration,Yasy Cañy,,1
intn_portal_registration,Yataity del Guairá,,1
intn_portal_registration,Yataity del Norte,,1
intn_portal_registration,Yatytay,,1
intn_portal_registration,Yby Pytá,,1
intn_portal_registration,Yby Yaú,,1
intn_portal_registration,Ybycuí,,1
intn_portal_registration,Ybyrarobaná,,1
intn_portal_registration,Ybytymí,,1
intn_portal_registration,Yguazú,,1
intn_portal_registration,Yhú,,1
intn_portal_registration,"Your account has been created successfully, but it is pending approval. We will contact you shortly to enable your access.",,1
intn_portal_registration,Ypejhú,,1
intn_portal_registration,Yrybucuá,,1
intn_portal_registration,Yuty,,1
intn_portal_registration,Zanja Pytá,,1
intn_portal_registration,https://siyopude.com/ruc/,,1
intn_portal_registration,Ñacunday,,1
intn_portal_registration,Ñemby,,1
intn_portal_registration,Ñumí,,1
intn_portal_registration,Loading Plant,,1
intn_portal_sale_orders,"<i class=""fa fa-arrow-left me-1""/>Volver a Pedidos",,1
intn_portal_sale_orders,"<i class=""fa fa-arrow-left me-1""/>Volver a Presupuestos",,1
intn_portal_sale_orders,"<i class=""fa fa-check me-1""/>Confirmado",,1
intn_portal_sale_orders,"<i class=""fa fa-check me-1""/>Pedido Confirmado",,1
intn_portal_sale_orders,"<i class=""fa fa-eye me-1""/>Ver",,2
intn_portal_sale_orders,"<i class=""fa fa-file-text me-1""/>Ver Presupuestos",,1
intn_portal_sale_orders,"<i class=""fa fa-file-text me-2""/>Mis Presupuestos",,1
intn_portal_sale_orders,"<i class=""fa fa-inbox fa-2x text-muted d-block mb-2""/>
                                                        <span class=""text-muted"">No se encontraron pedidos.</span>",,1
intn_portal_sale_orders,"<i class=""fa fa-inbox fa-2x text-muted d-block mb-2""/>
                                                        <span class=""text-muted"">No se encontraron presupuestos.</span>",,1
intn_portal_sale_orders,"<i class=""fa fa-list me-2""/>Detalle del Pedido",,1
intn_portal_sale_orders,"<i class=""fa fa-lock me-1""/>Bloqueado",,1
intn_portal_sale_orders,"<i class=""fa fa-lock me-1""/>Pedido Bloqueado",,1
intn_portal_sale_orders,"<i class=""fa fa-paper-plane me-1""/>Enviado",,1
intn_portal_sale_orders,"<i class=""fa fa-paper-plane me-1""/>Presupuesto Enviado",,1
intn_portal_sale_orders,"<i class=""fa fa-pencil me-1""/>Borrador",,1
intn_portal_sale_orders,"<i class=""fa fa-pencil me-1""/>Presupuesto (Borrador)",,1
intn_portal_sale_orders,"<i class=""fa fa-search me-1""/>Filtrar",,2
intn_portal_sale_orders,"<i class=""fa fa-shopping-cart me-1""/>Ver Pedidos",,1
intn_portal_sale_orders,"<i class=""fa fa-shopping-cart me-2""/>Mis Pedidos",,1
intn_portal_sale_orders,"<i class=""fa fa-times me-1""/>Cancelado",,2
intn_portal_sale_orders,"<span class=""fw-bold"">Información del Pedido</span>",,1
intn_portal_sale_orders,Acción,,2
intn_portal_sale_orders,Cantidad,,1
intn_portal_sale_orders,Cliente,,1
intn_portal_sale_orders,Empresa,,1
intn_portal_sale_orders,Estado,,2
intn_portal_sale_orders,Fecha,,3
intn_portal_sale_orders,Fecha del Pedido,,1
intn_portal_sale_orders,Impuestos,,1
intn_portal_sale_orders,Mis Pedidos,,2
intn_portal_sale_orders,Mis Presupuestos,,2
intn_portal_sale_orders,Notas / Condiciones,,1
intn_portal_sale_orders,Ordenar por,,2
intn_portal_sale_orders,Precio Unit.,,1
intn_portal_sale_orders,Producto / Servicio,,1
intn_portal_sale_orders,Referencia,,4
intn_portal_sale_orders,Sin líneas de pedido.,,1
intn_portal_sale_orders,Subtotal,,1
intn_portal_sale_orders,Subtotal sin impuestos,,1
intn_portal_sale_orders,Total,,4
intn_portal_sale_orders,Vendedor,,1
intn_portal_sale_orders,Ver pedidos de venta,,1
intn_portal_sale_orders,Ver presupuestos,,1
intn_portal_sale_orders,Válido hasta,,2
intn_portal_sale_orders,Bloqueado,,1
intn_portal_sale_orders,Borrador,,1
intn_portal_sale_orders,Cancelado,,1
intn_portal_sale_orders,Confirmado,,1
intn_portal_sale_orders,Enviado,,1
intn_portal_sale_orders,Todos,,1
intn_product_organization,INTN: In situ,,1
intn_product_organization,Complementos,,3
intn_product_organization,DCPE_Certificación de Electricistas en sus categorías B1.,,1
intn_product_organization,DCPE_Certificación de Electricistas en sus categorías:  B1,,1
intn_product_organization,"DCPE_Certificación de Electricistas en sus categorías:  B2, B3 y B4",,1
intn_product_organization,DCPE_Certificación de Soldadores y Operadores de soldadura,,1
intn_product_organization,Metrología - Calibración - Instrumentos dimensionales,,1
intn_product_organization,Metrología - Fiscalización,,1
intn_product_organization,NP 118,,1
intn_product_organization,NP 15 004 16,,1
intn_product_organization,NP 17 021 71,,1
intn_product_organization,NP 17 057 07,,1
intn_product_organization,NP 17 064 13,,1
intn_product_organization,NP 17 080 14,,1
intn_product_organization,NP 21 025 95,,1
intn_product_organization,NP 322,,1
intn_product_organization,NP 39,,1
intn_product_organization,NP 50 016 11,,1
intn_product_organization,NP 69,,1
intn_product_organization,PNA 20 032 21,,1
intn_product_organization,Portal Department,,1
intn_product_organization,Portal Header Ready,,1
intn_product_organization,Portal Organization,,1
intn_product_organization,Service Request Service Catalog,,1
intn_product_remission,Cannot cancel remission: Delivery order must be cancelled or validated first.,,1
intn_product_remission,Cannot confirm remission: At least one lot line is required.,,1
intn_product_remission,Lot %s does not belong to product %s.,,1
intn_product_remission,Lot %s is not available in location %s.,,1
intn_product_remission,No customer stock location found.,,1
intn_product_remission,No outgoing picking type found for location %s.,,1
intn_product_remission,Number of lot lines (%d) must match quantity (%d).,,1
intn_product_remission,Only draft remissions can be confirmed.,,1
intn_product_remission,You can only modify remission lot lines in draft state.,,1
intn_product_remission,You can only modify remissions in draft state.,,1
intn_sale_additional_costs,"
            'fuel_price_history_%s_%s' % (object.date_from, object.date_to)
        ",,1
intn_sale_additional_costs,%d tech. × %d days × %.0f (%s) = %.0f,,1
intn_sale_additional_costs,%d zones updated in %s (%s).,,1
intn_sale_additional_costs,"<i class=""fa fa-plus-circle me-2""/>
                        Costos Adicionales",,1
intn_sale_additional_costs,Aceptar,,1
intn_sale_additional_costs,Additional Cost Created At,,1
intn_sale_additional_costs,Additional costs calculated,,1
intn_sale_additional_costs,Additional costs can only be added on draft or sent quotes.,,2
intn_sale_additional_costs,Admin,,1
intn_sale_additional_costs,Administrativos,,2
intn_sale_additional_costs,An additional cost category must be selected.,,1
intn_sale_additional_costs,At least one amount must be provided.,,1
intn_sale_additional_costs,Calcular Costos Adicionales,,2
intn_sale_additional_costs,Calculate Additional Costs,,1
intn_sale_additional_costs,Cancelar,,1
intn_sale_additional_costs,Cannot apply a zero-amount cost calculation.,,1
intn_sale_additional_costs,Cannot modify fields %s on an invoice already approved by SIFEN. Generate a complementary invoice instead.,,1
intn_sale_additional_costs,Cantidad,,1
intn_sale_additional_costs,Complementary invoice for order %s,,1
intn_sale_additional_costs,Concepto,,1
intn_sale_additional_costs,Configuración,,1
intn_sale_additional_costs,Costing,,1
intn_sale_additional_costs,Costos Adicionales,,1
intn_sale_additional_costs,Costs Updated,,1
intn_sale_additional_costs,Distance cannot be negative.,,1
intn_sale_additional_costs,End date must be after start date.,,1
intn_sale_additional_costs,Factura complementaria,,1
intn_sale_additional_costs,Factura principal,,1
intn_sale_additional_costs,ID,,8
intn_sale_additional_costs,Km/L,,1
intn_sale_additional_costs,Maintenance (%),,2
intn_sale_additional_costs,Maintenance percentage cannot be negative.,,1
intn_sale_additional_costs,Maintenance percentage cannot exceed 100%.,,1
intn_sale_additional_costs,"Maintenance surcharge percentage applied to fuel cost (vehicle wear, oil, tyres).",,1
intn_sale_additional_costs,No travel zones found for department %s.,,1
intn_sale_additional_costs,No vehicle — fuel cost skipped,,1
intn_sale_additional_costs,Nothing new to invoice. The primary invoice for %s is SIFEN-approved and no additional costs have been added since.,,1
intn_sale_additional_costs,Overrides vs. suggested global values:,,1
intn_sale_additional_costs,Per-diem cannot be negative.,,1
intn_sale_additional_costs,Per-diem with lodging cannot be negative.,,1
intn_sale_additional_costs,Per-diem without lodging cannot be negative.,,1
intn_sale_additional_costs,Percentage (%),,1
intn_sale_additional_costs,Precio Unit.,,1
intn_sale_additional_costs,Ruta,,1
intn_sale_additional_costs,Subtotal,,1
intn_sale_additional_costs,Tarifa,,1
intn_sale_additional_costs,Timestamp when this additional cost line was created. Used to determine which lines are new for SIFEN complementary invoicing.,,1
intn_sale_additional_costs,Toll cost cannot be negative.,,2
intn_sale_additional_costs,Traslado,,2
intn_sale_additional_costs,"Traslado — %s (%s, %.0f km)",,1
intn_sale_additional_costs,Travel,,1
intn_sale_additional_costs,Update Tolls by Department,,1
intn_sale_additional_costs,Vehicles available for costing must have a positive km per liter value.,,1
intn_sale_additional_costs,Vehículo,,1
intn_sale_additional_costs,Viáticos,,2
intn_sale_additional_costs,"Viáticos — %d técnicos, %d días %s",,1
intn_sale_additional_costs,ceil((%.2f km × 2 ÷ %.2f km/L) × %.2f/L × (1 + %.0f%%) / 1000) × 1000 + %.0f = %.0f,,1
intn_sale_additional_costs,per-diem with lodging,,1
intn_sale_additional_costs,per-diem without lodging,,1
intn_sale_additional_costs,toll,,1
intn_sale_additional_costs,with overnight,,1
intn_sale_additional_costs,without overnight,,1
intn_sale_additional_costs,Additional Description,,1
intn_sale_additional_costs,Descripciones Adicionales,,1
intn_sale_additional_costs,Gastos de gestión,,1
intn_sale_additional_costs,Gastos documentales,,1
intn_sale_additional_costs,Lpi,,1
intn_sale_additional_costs,Nro de acta,,1
intn_sale_agreement,Created by,,1
intn_sale_agreement,Created on,,1
intn_sale_agreement,Display Name,,1
intn_sale_agreement,ID,,1
intn_sale_agreement,Last Updated by,,1
intn_sale_agreement,Last Updated on,,1
intn_sale_agreement,Total Exemption Pricelist,,1
intn_sale_order_payment_status,Cancelled,,1
intn_sale_order_payment_status,Invoiced,,1
intn_sale_order_payment_status,Not Invoiced,,1
intn_sale_order_payment_status,Not Paid,,1
intn_sale_order_payment_status,Paid,,1
intn_sale_order_payment_status,Payment Status,,1
intn_sale_price_update,ID,,3
intn_sale_price_update,No products found matching the selected filters.,,1
intn_sale_price_update,Please select at least one category.,,1
intn_sale_price_update,Please select at least one product.,,1
intn_sale_price_update,Price Changes,,3
intn_sale_price_update,Price history records cannot be deleted.,,1
intn_sale_price_update,Price history records cannot be modified.,,1
intn_sale_price_update,The adjustment value must be greater than zero.,,1
intn_service_request,%s — Service History,,1
intn_service_request,"<div style=""margin: 0px; padding: 0px;"">
                    <p>Dear <t t-out=""object.partner_id.name or object.beneficiary_partner_id.name""/>,</p>
                    <p>
                        Your service request
                        <strong><t t-out=""object.name""/></strong>
                        has been finalized. Your documentation is ready.
                    </p>
                    <p>
                        You can view your request at:
                        <a t-att-href=""object.access_url + '?access_token=' + object._portal_ensure_token()"">
                            <t t-out=""object.access_url""/>
                        </a>
                    </p>
                    <p>Best regards,<br/><t t-out=""object.company_id.name or 'INTN'""/></p>
                </div>
            ",,1
intn_service_request,"<option value="""">Seleccionar
                        acoplado</option>",,1
intn_service_request,"<option value="""">Seleccionar camión</option>",,1
intn_service_request,"<option value="""">Seleccionar producto</option>",,1
intn_service_request,"<option value="""">Select an emblem</option>",,1
intn_service_request,"<select name=""invoice_type"" id=""invoice_type"" class=""form-select"" required=""required"">
                    <option value=""cash"">Contado</option>
                    <option value=""credit"">Crédito</option>
                </select>",,1
intn_service_request,"<select name=""transport_type"" id=""transport_type"" class=""form-select"" required=""required"">
                    <option value="""">Seleccionar tipo</option>
                    <option value=""national"">Nacional</option>
                    <option value=""international"">
                        Internacional</option>
                </select>",,1
intn_service_request,"<small class=""form-text text-muted"">Filtra
                    los camiones y acoplados registrados
                    para la sucursal.</small>",,1
intn_service_request,"<small class=""form-text text-muted"">Se
                    completa automáticamente al
                    seleccionar
                    el vehículo.</small>",,1
intn_service_request,A service type key is required when not using category default.,,1
intn_service_request,"Acoplado <span class=""text-danger"">*</span>",,1
intn_service_request,Attachments,,1
intn_service_request,Backend,,1
intn_service_request,Beneficiary,,2
intn_service_request,"Camión <span class=""text-danger"">*</span>",,1
intn_service_request,Cannot confirm the service request: no commercial partner is set. Link a helpdesk ticket with a customer or set a beneficiary.,,1
intn_service_request,Cannot confirm the service request: no sale order line could be built. Check the service catalog and product configuration for %(category)s / %(service_type)s.,,1
intn_service_request,"Capacidad
                    (litros) <span class=""text-danger"">*</span>",,1
intn_service_request,Category default rows must not set a service type key.,,1
intn_service_request,Category:,,1
intn_service_request,Certificates,,1
intn_service_request,Choose fleet or metrology to match service requests.,,1
intn_service_request,Commercial Status,,1
intn_service_request,Companies,,1
intn_service_request,Contact acting as manager for this expediente.,,1
intn_service_request,Contact responsible for managing the request.,,1
intn_service_request,Create,,1
intn_service_request,Create a new catalog row for another service type or location scope.,,1
intn_service_request,Customer:,,1
intn_service_request,Disable to hide the row without deleting it.,,1
intn_service_request,Display order in lists; you can also drag rows by the handle in list view.,,1
intn_service_request,Document Review Mixin,,1
intn_service_request,"Duplicate catalog for this category, type, and location scope.",,1
intn_service_request,Duplicate portal form layout for this category and service type.,,1
intn_service_request,Dynamic Form Show Lines,,1
intn_service_request,Dynamic Form Ui Variant,,1
intn_service_request,"Each row is one catalog offer: category, type key, scope, and main product. The left column with handles sets row order. Click the highlighted area when you are ready for the next step.",,1
intn_service_request,Email when service is finalized,,1
intn_service_request,"Fecha de
                    agendamiento <span class=""text-danger"">*</span>",,1
intn_service_request,Finalized,,2
intn_service_request,Fleet or metrology; must match the service request category.,,1
intn_service_request,"Fleet: in situ, laboratory, or Any. Metrology rows usually use Any.",,1
intn_service_request,"Fleet: match in situ or laboratory requests, or Any when one product covers both.",,1
intn_service_request,Form layout,,1
intn_service_request,Form layouts,,2
intn_service_request,Form target,,1
intn_service_request,Internal label for this catalog row.,,1
intn_service_request,Invalid service catalog selection.,,1
intn_service_request,Invoiced - In Payment,,1
intn_service_request,Invoiced - Not Paid,,1
intn_service_request,Invoiced - Paid,,1
intn_service_request,Invoiced - Partially Paid,,1
intn_service_request,Legal entity that will receive the service and be invoiced.,,2
intn_service_request,Main product template on the sale order for this service.,,1
intn_service_request,Manager,,2
intn_service_request,Max overdue invoices for new service requests,,2
intn_service_request,Must match the selection key on service requests for this family.,,1
intn_service_request,"Nombre de
                    contacto <span class=""text-danger"">*</span>",,1
intn_service_request,Not Invoiced,,1
intn_service_request,Nueva Solicitud de servicio %s,,1
intn_service_request,Nuevo acoplado,,1
intn_service_request,Only one category default layout is allowed per service category.,,1
intn_service_request,Open request,,1
intn_service_request,"Optional extra order lines: fixed quantity, per fleet capacity (liters), or per metrology equipment line.",,1
intn_service_request,Optional link to a portal create-form layout row for documentation alignment.,,1
intn_service_request,Portal,,1
intn_service_request,Portal Reports Enabled At,,1
intn_service_request,Portal and backend,,1
intn_service_request,Primary product template used on the portal sale order line.,,1
intn_service_request,Principal,,1
intn_service_request,Quotation,,1
intn_service_request,Quotation Sent,,1
intn_service_request,Request Type Label,,1
intn_service_request,"Same key as on service requests for this family (for example periodic, emblem_change).",,1
intn_service_request,Se completa al seleccionar vehículo,,1
intn_service_request,Selected service catalog row. It drives the service type and may drive additional context in service-family modules.,,1
intn_service_request,Send a notification email to the customer when a service request is finalized or its certificate is confirmed.,,1
intn_service_request,Send email when service is finalized,,1
intn_service_request,Service History,,2
intn_service_request,Service Location,,1
intn_service_request,Service Request Finalized,,1
intn_service_request,Service catalog does not match the service category.,,1
intn_service_request,Service catalog tour,,1
intn_service_request,Service configuration,,1
intn_service_request,Service form layouts,,1
intn_service_request,Service type:,,1
intn_service_request,Short internal name for this catalog row.,,1
intn_service_request,"Siguiente: Adjuntos <i class=""fa fa-arrow-right ms-2""/>",,1
intn_service_request,Start the guided tour for this screen,,1
intn_service_request,Sucursal,,1
intn_service_request,"Teléfono de
                    contacto <span class=""text-danger"">*</span>",,1
intn_service_request,This banner summarizes how catalog rows drive portal sale lines and pricing. Click the highlighted area when you are ready for the next step.,,1
intn_service_request,Tickets,,1
intn_service_request,Timestamp when portal reports were first enabled after payment conditions were satisfied.,,1
intn_service_request,"Tipo de
                    Transporte <span class=""text-danger"">*</span>",,1
intn_service_request,"Tipo de factura <span class=""text-danger"">*</span>",,1
intn_service_request,Trailers,,1
intn_service_request,True when the service catalog layout targets the backend form.,,1
intn_service_request,Uncheck to hide the row without deleting it.,,1
intn_service_request,Use Backend Dynamic Form,,1
intn_service_request,Vehicles,,1
intn_service_request,"Where this layout applies: portal create form, backend service request form, or both.",,1
intn_service_request,You cannot request a new service because you have %(count)s overdue invoices. The maximum allowed is %(limit)s. Please pay overdue invoices before requesting a new service.,,2
intn_service_request,Your service is ready - {{ object.name }},,1
intn_service_request,"<div style=""margin: 0px; padding: 0px;"">
                    <p>Dear <t t-out=""object.partner_id.name or object.beneficiary_partner_id.name""/>,</p>
                    <p>
                        Your service request
                        <strong><t t-out=""object.name""/></strong>
                        documentation was <strong>observed</strong> and requires corrections.
                    </p>
                    <p t-if=""object.intn_document_review_comment"">
                        <strong>Review comment:</strong><br/>
                        <t t-out=""object.intn_document_review_comment""/>
                    </p>
                    <p>
                        Please review and upload the corrected documentation at:
                        <a t-att-href=""object.access_url + '?access_token=' + object._portal_ensure_token()"">
                            <t t-out=""object.access_url""/>
                        </a>
                    </p>
                    <p>Best regards,<br/><t t-out=""object.company_id.name or 'INTN'""/></p>
                </div>
            ",,1
intn_service_request,"<div style=""margin: 0px; padding: 0px;"">
                    <p>Dear <t t-out=""object.partner_id.name or object.beneficiary_partner_id.name""/>,</p>
                    <p>
                        Your service request
                        <strong><t t-out=""object.name""/></strong>
                        documentation was <strong>rejected</strong>.
                    </p>
                    <p t-if=""object.intn_document_review_comment"">
                        <strong>Review comment:</strong><br/>
                        <t t-out=""object.intn_document_review_comment""/>
                    </p>
                    <p>
                        Please submit corrected documentation at:
                        <a t-att-href=""object.access_url + '?access_token=' + object._portal_ensure_token()"">
                            <t t-out=""object.access_url""/>
                        </a>
                    </p>
                    <p>Best regards,<br/><t t-out=""object.company_id.name or 'INTN'""/></p>
                </div>
            ",,1
intn_service_request,"<div style=""margin: 0px; padding: 0px;"">
                    <p>Dear <t t-out=""object.partner_id.name""/>,</p>
                    <p>
                        Your certificate expedient
                        <strong><t t-out=""object.name""/></strong>
                        documentation was <strong>observed</strong> and requires corrections.
                    </p>
                    <p t-if=""object.intn_document_review_comment"">
                        <strong>Review comment:</strong><br/>
                        <t t-out=""object.intn_document_review_comment""/>
                    </p>
                    <p>Best regards,<br/><t t-out=""user.company_id.name or 'INTN'""/></p>
                </div>
            ",,1
intn_service_request,"<div style=""margin: 0px; padding: 0px;"">
                    <p>Dear <t t-out=""object.partner_id.name""/>,</p>
                    <p>
                        Your certificate expedient
                        <strong><t t-out=""object.name""/></strong>
                        documentation was <strong>rejected</strong>.
                    </p>
                    <p t-if=""object.intn_document_review_comment"">
                        <strong>Review comment:</strong><br/>
                        <t t-out=""object.intn_document_review_comment""/>
                    </p>
                    <p>Best regards,<br/><t t-out=""user.company_id.name or 'INTN'""/></p>
                </div>
            ",,1
intn_service_request,"<span class=""text-danger ms-1"">*</span>",,1
intn_service_request,<strong>Review comment:</strong>,,1
intn_service_request,"Approve, observe, or reject customer documentation on operational records.",,1
intn_service_request,Block confirming service requests and certificates until documentation review is approved.,,1
intn_service_request,Cancelled service requests cannot be finalized.,,1
intn_service_request,Corrections can only be submitted when the document is observed or rejected.,,1
intn_service_request,"Declarative flags for the OWL portal form (requires_vehicle, attachment_specs, …).",,1
intn_service_request,Deprecated: legacy QWeb layout. Use portal_form_view_id instead.,,1
intn_service_request,Document,,1
intn_service_request,Document Review Observed (Certificate),,1
intn_service_request,Document Review Observed (Service Request),,1
intn_service_request,Document Review Rejected (Certificate),,1
intn_service_request,Document Review Rejected (Service Request),,1
intn_service_request,Document review must be approved before confirming (current state: %s).,,1
intn_service_request,Document review notification was not sent: the customer has no email address.,,1
intn_service_request,Document review reset to pending for a new review cycle.,,1
intn_service_request,Documentation observed - {{ object.name }},,2
intn_service_request,Documentation rejected - {{ object.name }},,2
intn_service_request,Field %s is required.,,1
intn_service_request,Legacy registry key when portal_form_view_id is empty. New forms should use portal_form_view_id only.,,1
intn_service_request,Linked certificate was confirmed but the service request was not finalized: %s,,1
intn_service_request,No Show,,2
intn_service_request,Notify the customer by email when internal staff marks documentation as observed or rejected.,,1
intn_service_request,Nuevo Camión Tanque,,1
intn_service_request,OIAT,,2
intn_service_request,"Odoo form view rendered by the OWL portal form engine. When set, portal_owl_component is ignored.",,2
intn_service_request,Optional Python method name on service.request for non-generic portal POST.,,1
intn_service_request,Picos de Surtidores,,1
intn_service_request,Portal Create Handler,,1
intn_service_request,Portal Form Config,,1
intn_service_request,Portal Form View,,2
intn_service_request,Portal OWL Component Key (legacy),,1
intn_service_request,Serialized UI config for OWL portal forms.,,2
intn_service_request,Service Request Portal Autofill Mixin,,1
intn_service_request,Service Request Portal Form Catalog Mixin,,1
intn_service_request,Service Request Portal Form Engine Mixin,,1
intn_service_request,Service Request Portal Form Engine Request Mixin,,1
intn_service_request,Service request not found,,1
intn_service_request,Service request reopened to Confirmed because documentation requires review or correction.,,1
intn_service_request,Sign in to submit documentation corrections.,,1
intn_service_request,Siguiente: Adjuntos,,1
intn_service_request,The customer submitted documentation corrections for review.,,1
intn_service_request,The service request cannot be finalized until all posted customer invoices are paid.,,1
intn_service_request,The service request cannot be finalized until documentation is approved (current review state: %s).,,1
intn_service_request,The service request cannot be finalized.,,1
intn_service_request,Upload at least one corrected file before submitting.,,1
intn_service_request,"Upload corrected files below, then submit so INTN can review again.",,1
intn_service_request,Upload file,,1
intn_service_request,"When the customer has at least this many overdue customer invoices (posted, due date on or before today, residual amount > 0), creating a new service request is blocked. Set to 0 to disable.",,1
intn_service_request,"When the customer has at least this many overdue invoices (due date on or before today and residual amount > 0), the system blocks creating a new service request. Set to 0 to disable.",,1
intn_service_request,You cannot update this document.,,1
intn_service_request,Full name of the substitute,,0
intn_service_request,ID / CI number,,0
intn_service_request,"If the originally
            assigned person cannot attend, provide the
            replacement person's information.",,0
intn_service_request,Nuevo camión,,0
intn_service_request,Optional link to the portal create-form layout row for the same category and type.,,0
intn_service_request,Phone number,,0
intn_service_request,"Representante /
                    encargado del emblema (nombre) <span class=""text-danger"">*</span>",,0
intn_service_request,Serialized UI config for dynamic portal forms.,,0
intn_service_request,"Substitute
                    Document",,0
intn_service_request,"Substitute / Third-party
            Personnel",,0
intn_service_request,Substitute Name,,0
intn_service_request,Substitute Phone,,0
intn_service_request,"Teléfono
                    (emblema) <span class=""text-danger"">*</span>",,0
intn_service_request,"When the customer has at least this many overdue customer invoices (posted, due date passed, residual amount > 0), creating a new service request is blocked. Set to 0 to disable.",,0
intn_service_request,"When the customer has at least this many overdue invoices (due date passed and residual amount > 0), the system blocks creating a new service request. Set to 0 to disable.",,0
intn_service_request,Document review must be approved before continuing. Current status: %(state)s.,,0
intn_service_request,Document review must be approved before continuing. Current status: %(state)s. Review comment: %(comment)s,,0
intn_service_request,Document Review,,0
